"STATION","DATE","LATITUDE","LONGITUDE","ELEVATION","NAME","TEMP","TEMP_ATTRIBUTES","DEWP","DEWP_ATTRIBUTES","SLP","SLP_ATTRIBUTES","STP","STP_ATTRIBUTES","VISIB","VISIB_ATTRIBUTES","WDSP","WDSP_ATTRIBUTES","MXSPD","GUST","MAX","MAX_ATTRIBUTES","MIN","MIN_ATTRIBUTES","PRCP","PRCP_ATTRIBUTES","SNDP","FRSHTT"
"01001099999","2017-01-01","70.9333333","-8.6666667","9.0","JAN MAYEN NOR NAVY, NO","  23.8","24","  16.1","24","1024.0","24","022.8","24"," 12.5"," 6"," 11.1","24"," 19.0"," 34.2","  30.9"," ","  22.5","*"," 0.00","G","999.9","001000"
"01001099999","2017-01-02","70.9333333","-8.6666667","9.0","JAN MAYEN NOR NAVY, NO","  26.0","24","  20.8","24","1006.0","24","004.8","24","  7.9"," 6"," 14.6","24"," 29.1","999.9","  30.6","*","  20.1"," "," 0.03","G","999.9","001000"
"01001099999","2017-01-03","70.9333333","-8.6666667","9.0","JAN MAYEN NOR NAVY, NO","  24.0","24","  21.4","24","1009.9","24","008.7","24","  2.8"," 6"," 22.9","23"," 29.7"," 39.2","  30.6"," ","  19.2"," "," 0.05","G","999.9","001000"
"01001099999","2017-01-04","70.9333333","-8.6666667","9.0","JAN MAYEN NOR NAVY, NO","  24.9","24","  18.4","24","1019.2","24","018.0","24"," 21.2"," 6"," 15.5","24"," 25.3"," 36.5","  33.3","*","  20.5"," "," 0.17","G","999.9","001000"
"01001099999","2017-01-05","70.9333333","-8.6666667","9.0","JAN MAYEN NOR NAVY, NO","  35.4","24","  33.5","24"," 995.8","24","994.6","24","  4.1"," 6"," 14.5","24"," 22.3"," 31.7","  37.0","*","  28.0"," "," 0.02","G","999.9","010000"
"01001099999","2017-01-06","70.9333333","-8.6666667","9.0","JAN MAYEN NOR NAVY, NO","  27.1","24","  22.4","24"," 985.2","24","984.0","24","  2.1"," 6"," 22.7","24"," 35.2"," 56.5","  37.2"," ","  22.8"," "," 0.35","G","999.9","011000"
"01001099999","2017-01-07","70.9333333","-8.6666667","9.0","JAN MAYEN NOR NAVY, NO","  28.9","24","  24.3","24"," 999.6","24","998.4","24"," 13.5"," 6"," 17.8","24"," 25.8"," 37.3","  36.0"," ","  24.4"," "," 0.00","G","999.9","001000"
"01001099999","2017-01-08","70.9333333","-8.6666667","9.0","JAN MAYEN NOR NAVY, NO","  21.7","24","  15.8","24"," 998.8","24","997.6","24","  9.6"," 6"," 14.6","24"," 21.4"," 41.2","  31.6"," ","  18.9"," "," 0.12","G","999.9","001000"
"01001099999","2017-01-09","70.9333333","-8.6666667","9.0","JAN MAYEN NOR NAVY, NO","  18.5","24","   9.7","24","1007.7","24","006.5","24"," 13.6"," 6"," 14.5","24"," 21.4"," 25.6","  21.4"," ","  16.0","*"," 0.09","G","999.9","001000"
"01001099999","2017-01-10","70.9333333","-8.6666667","9.0","JAN MAYEN NOR NAVY, NO","  26.3","24","  18.9","24"," 995.5","24","994.3","24","  8.5"," 6"," 17.1","24"," 31.1"," 36.3","  29.8"," ","  19.2"," "," 0.00","G","999.9","001000"
"01001099999","2017-01-11","70.9333333","-8.6666667","9.0","JAN MAYEN NOR NAVY, NO","  25.1","24","  18.0","24"," 989.3","24","988.1","24"," 13.5"," 6"," 21.5","24"," 33.0"," 47.6","  29.5"," ","  21.6","*"," 0.00","E","999.9","010100"
"01001099999","2017-01-12","70.9333333","-8.6666667","9.0","JAN MAYEN NOR NAVY, NO","  19.6","24","  11.4","24"," 999.8","24","998.6","24"," 16.7"," 6"," 20.5","24"," 27.2"," 41.0","  23.2"," ","  17.1","*"," 0.00","E","999.9","001000"
"01001099999","2017-01-13","70.9333333","-8.6666667","9.0","JAN MAYEN NOR NAVY, NO","  18.6","24","  12.2","24","1002.0","24","000.8","24","  2.5"," 6"," 20.5","24"," 25.3"," 37.3","  23.4"," ","  16.0","*"," 0.03","G","999.9","001000"
"01001099999","2017-01-14","70.9333333","-8.6666667","9.0","JAN MAYEN NOR NAVY, NO","  19.2","24","  10.7","24","1005.8","24","004.6","24"," 19.0"," 6","  9.2","23"," 20.6"," 36.3","  23.5","*","  15.6"," "," 0.00","G","999.9","001000"
"01001099999","2017-01-15","70.9333333","-8.6666667","9.0","JAN MAYEN NOR NAVY, NO","  29.4","24","  24.9","24","1005.7","24","004.4","24"," 20.1"," 6"," 13.3","24"," 29.1"," 35.2","  36.1","*","  19.8"," "," 0.00","G","999.9","011000"
"01001099999","2017-01-16","70.9333333","-8.6666667","9.0","JAN MAYEN NOR NAVY, NO","  33.8","24","  26.6","24"," 988.3","24","987.1","24"," 15.0"," 6"," 23.6","24"," 32.4"," 52.4","  38.1","*","  29.7"," "," 0.40","G","999.9","011000"
"01001099999","2017-01-17","70.9333333","-8.6666667","9.0","JAN MAYEN NOR NAVY, NO","  24.7","24","  15.6","24"," 996.4","24","995.2","24","  5.7"," 6"," 20.1","22"," 33.0"," 45.8","  32.2"," ","  21.2","*"," 0.05","G","999.9","001000"
"01001099999","2017-01-18","70.9333333","-8.6666667","9.0","JAN MAYEN NOR NAVY, NO","  23.2","22","  15.8","22"," 998.7","22","997.5","22"," 10.7"," 4"," 11.7","22"," 21.4"," 25.6","  27.7","*","  13.5","*"," 0.00","G","999.9","001000"
"01001099999","2017-01-19","70.9333333","-8.6666667","9.0","JAN MAYEN NOR NAVY, NO","  18.6","24","   6.4","24","1005.8","24","004.6","24"," 14.4"," 6"," 16.0","24"," 25.3"," 54.2","  26.6","*","   9.3"," "," 0.13","G","999.9","001000"
"01001099999","2017-01-20","70.9333333","-8.6666667","9.0","JAN MAYEN NOR NAVY, NO","  25.3","24","  12.2","24","1014.5","24","013.3","24"," 40.4"," 6","  8.4","24"," 15.5"," 18.3","  26.6"," ","  22.1","*"," 0.00","G","999.9","000000"
"01001099999","2017-01-21","70.9333333","-8.6666667","9.0","JAN MAYEN NOR NAVY, NO","  30.6","24","  25.5","24","1010.6","24","009.4","24"," 11.9"," 6"," 19.6","24"," 25.3"," 29.9","  35.6","*","  22.1"," "," 0.02","G","999.9","001000"
"01001099999","2017-01-22","70.9333333","-8.6666667","9.0","JAN MAYEN NOR NAVY, NO","  32.8","24","  26.5","24","1005.7","24","004.5","24"," 13.3"," 6"," 19.1","24"," 29.1"," 37.7","  38.7"," ","  29.7","*"," 0.00","G","999.9","011000"
"01001099999","2017-01-23","70.9333333","-8.6666667","9.0","JAN MAYEN NOR NAVY, NO","  31.8","24","  28.0","24","1004.2","24","003.0","24"," 11.7"," 6"," 14.9","24"," 23.3"," 26.0","  35.4","*","  25.5"," "," 0.00","E","999.9","011000"
"01001099999","2017-01-24","70.9333333","-8.6666667","9.0","JAN MAYEN NOR NAVY, NO","  34.8","24","  34.5","24"," 981.3","24","980.2","24","  2.0"," 6","  8.6","23"," 21.4"," 22.1","  36.1"," ","  32.0","*"," 0.30","G","999.9","010000"
"01001099999","2017-01-25","70.9333333","-8.6666667","9.0","JAN MAYEN NOR NAVY, NO","  25.8","24","  21.3","24"," 991.7","24","990.5","24","  5.4"," 6"," 20.5","23"," 29.1"," 37.5","  34.0"," ","  22.6","*"," 0.23","G","999.9","011000"
"01001099999","2017-01-26","70.9333333","-8.6666667","9.0","JAN MAYEN NOR NAVY, NO","  29.1","24","  22.7","24"," 996.7","24","995.5","24","  7.7"," 6"," 18.8","24"," 33.0"," 38.3","  37.4","*","  22.1"," "," 0.00","G","999.9","001000"
"01001099999","2017-01-27","70.9333333","-8.6666667","9.0","JAN MAYEN NOR NAVY, NO","  29.8","24","  25.1","24"," 997.1","24","995.9","24"," 14.1"," 6"," 16.8","24"," 27.2"," 41.8","  34.2","*","  27.1","*"," 0.01","F","999.9","010000"
"01001099999","2017-01-28","70.9333333","-8.6666667","9.0","JAN MAYEN NOR NAVY, NO","  31.5","24","  28.0","24"," 994.7","24","993.5","24","  8.4"," 6"," 14.3","24"," 33.0"," 38.7","  34.5"," ","  27.1"," "," 0.00","G","999.9","001000"
"01001099999","2017-01-29","70.9333333","-8.6666667","9.0","JAN MAYEN NOR NAVY, NO","  23.6","24","  20.1","24","1000.3","24","999.1","24","  3.9"," 6"," 18.4","24"," 31.1"," 42.3","  31.3"," ","  21.0","*"," 0.42","G","999.9","001000"
"01001099999","2017-01-30","70.9333333","-8.6666667","9.0","JAN MAYEN NOR NAVY, NO","  22.7","24","  17.8","24","1010.7","24","009.5","24"," 12.1"," 6","  8.3","24"," 15.5"," 23.7","  26.8"," ","  17.4"," "," 0.01","G","999.9","001000"
"01001099999","2017-01-31","70.9333333","-8.6666667","9.0","JAN MAYEN NOR NAVY, NO","  24.5","24","  20.0","24","1014.3","24","013.1","24"," 22.8"," 6"," 18.8","24"," 29.1"," 33.4","  30.4","*","  20.5"," "," 0.00","G","999.9","001000"
"01001099999","2017-02-01","70.9333333","-8.6666667","9.0","JAN MAYEN NOR NAVY, NO","  33.5","24","  32.9","24"," 994.7","24","993.5","24","  1.9"," 6"," 14.1","24"," 27.2"," 34.0","  36.7"," ","  28.6"," "," 0.08","G","999.9","111000"
"01001099999","2017-02-02","70.9333333","-8.6666667","9.0","JAN MAYEN NOR NAVY, NO","  33.7","24","  32.9","24"," 993.7","24","992.5","24","  2.0"," 6","  4.9","22"," 12.8"," 16.3","  37.2","*","  30.9"," "," 0.06","G","999.9","010000"
"01001099999","2017-02-03","70.9333333","-8.6666667","9.0","JAN MAYEN NOR NAVY, NO","  36.8","24","  36.1","23"," 993.0","24","991.8","24","  3.1"," 6"," 11.2","24"," 17.5","999.9","  38.5"," ","  35.6"," "," 0.01","G","999.9","010000"
"01001099999","2017-02-04","70.9333333","-8.6666667","9.0","JAN MAYEN NOR NAVY, NO","  36.1","24","  35.9","17"," 997.9","24","996.7","24","  2.0"," 6","  9.1","24"," 15.5"," 17.1","  37.4"," ","  34.7","*"," 0.08","G","999.9","110000"
"01001099999","2017-02-05","70.9333333","-8.6666667","9.0","JAN MAYEN NOR NAVY, NO","  37.0","24","  36.1","22","1003.1","24","001.9","24","  5.3"," 6","  8.9","24"," 17.5"," 18.3","  37.8"," ","  34.5"," "," 0.00","G","999.9","010000"
"01001099999","2017-02-06","70.9333333","-8.6666667","9.0","JAN MAYEN NOR NAVY, NO","  35.8","24","  35.6"," 8","1013.3","24","012.1","24","  1.4"," 6"," 10.5","24"," 17.5","999.9","  37.2"," ","  34.9","*"," 0.00","G","999.9","110000"
"01001099999","2017-02-07","70.9333333","-8.6666667","9.0","JAN MAYEN NOR NAVY, NO","  36.7","24","  35.7","24","1016.3","24","015.1","24","  4.9"," 6"," 13.7","24"," 21.4"," 30.5","  37.6"," ","  35.2"," "," 0.02","E","999.9","110000"
"01001099999","2017-02-08","70.9333333","-8.6666667","9.0","JAN MAYEN NOR NAVY, NO","  36.5","24","  35.3","24","1026.1","24","024.9","24","  3.4"," 6"," 16.5","24"," 19.6"," 24.5","  37.0"," ","  35.8","*"," 0.00","E","999.9","000000"
"01001099999","2017-02-09","70.9333333","-8.6666667","9.0","JAN MAYEN NOR NAVY, NO","  36.4","24","  34.6","24","1028.6","24","027.4","24","  5.8"," 6"," 21.0","24"," 27.2"," 31.7","  37.2"," ","  35.6"," "," 0.00","G","999.9","010000"
"01001099999","2017-02-10","70.9333333","-8.6666667","9.0","JAN MAYEN NOR NAVY, NO","  35.4","24","  35.2","20","1022.9","24","021.7","24","  2.5"," 6"," 15.4","24"," 26.2"," 33.0","  36.9","*","  32.7","*"," 0.19","G","999.9","010000"
"01001099999","2017-02-11","70.9333333","-8.6666667","9.0","JAN MAYEN NOR NAVY, NO","  35.5","24","  33.6","21","1017.3","24","016.1","24","  4.5"," 6"," 16.3","24"," 36.9","999.9","  39.2","*","  32.5"," "," 0.00","G","999.9","010000"
"01001099999","2017-02-12","70.9333333","-8.6666667","9.0","JAN MAYEN NOR NAVY, NO","  38.6","24","  35.5","24","1009.2","24","008.0","24","  3.3"," 6"," 31.5","24"," 46.6"," 57.5","  42.4"," ","  35.6"," "," 0.04","G","999.9","010000"
"01001099999","2017-02-13","70.9333333","-8.6666667","9.0","JAN MAYEN NOR NAVY, NO","  33.7","24","  28.9","24","1019.6","24","018.4","24"," 26.4"," 6"," 21.8","24"," 42.7"," 60.8","  41.2","*","  29.3","*"," 0.08","G","999.9","000000"
"01001099999","2017-02-14","70.9333333","-8.6666667","9.0","JAN MAYEN NOR NAVY, NO","  32.9","24","  31.8","13","1020.6","24","019.4","24","  4.5"," 6","  7.5","23"," 19.4"," 22.1","  35.4","*","  29.7"," "," 0.03","G","999.9","011000"
"01001099999","2017-02-15","70.9333333","-8.6666667","9.0","JAN MAYEN NOR NAVY, NO","  33.1","24","  31.0","23","1011.9","24","010.7","24","  8.3"," 6"," 10.1","24"," 19.4"," 20.8","  36.0","*","  31.5","*"," 0.00","G","999.9","010000"
"01001099999","2017-02-16","70.9333333","-8.6666667","9.0","JAN MAYEN NOR NAVY, NO","  28.0","24","  23.5","24","1009.9","24","008.7","24"," 14.0"," 6","  8.9","24"," 19.4"," 25.1","  31.1","*","  25.7","*"," 0.00","G","999.9","001000"
"01001099999","2017-02-17","70.9333333","-8.6666667","9.0","JAN MAYEN NOR NAVY, NO","  18.4","24","  11.8","24","1013.0","24","011.8","24"," 15.0"," 6"," 14.5","24"," 19.4"," 25.4","  27.5","*","  14.0"," "," 0.05","G","999.9","001000"
"01001099999","2017-02-18","70.9333333","-8.6666667","9.0","JAN MAYEN NOR NAVY, NO","  15.4","24","   8.2","24","1008.6","24","007.4","24"," 19.0"," 6","  6.5","24"," 13.6"," 20.0","  16.9"," ","  13.8"," "," 0.01","G","999.9","001000"
"01001099999","2017-02-19","70.9333333","-8.6666667","9.0","JAN MAYEN NOR NAVY, NO","  15.6","24","   6.9","24","1002.9","24","001.7","24","  8.6"," 6"," 11.7","24"," 15.5"," 24.7","  19.8"," ","  11.8","*"," 0.03","G","999.9","001000"
"01001099999","2017-02-20","70.9333333","-8.6666667","9.0","JAN MAYEN NOR NAVY, NO","  12.9","24","   4.6","24","1000.9","24","999.6","24"," 16.4"," 6","  7.4","24"," 15.5"," 22.1","  15.4","*","  10.6"," "," 0.00","G","999.9","001000"
"01001099999","2017-02-21","70.9333333","-8.6666667","9.0","JAN MAYEN NOR NAVY, NO","  15.5","24","   8.3","24","1000.4","24","999.2","24"," 23.8"," 6"," 12.3","24"," 23.3"," 26.4","  17.4"," ","  11.8"," "," 0.02","G","999.9","001000"
"01001099999","2017-02-22","70.9333333","-8.6666667","9.0","JAN MAYEN NOR NAVY, NO","  21.2","24","  13.5","24","1001.8","24","000.6","24"," 11.2"," 6"," 20.1","24"," 29.1"," 36.5","  26.8"," ","  12.9"," "," 0.00","G","999.9","001000"
"01001099999","2017-02-23","70.9333333","-8.6666667","9.0","JAN MAYEN NOR NAVY, NO","  22.0","24","  13.1","24","1010.4","24","009.2","24"," 17.2"," 6"," 13.7","24"," 19.4"," 24.7","  26.1"," ","  19.4","*"," 0.00","G","999.9","011100"
"01001099999","2017-02-24","70.9333333","-8.6666667","9.0","JAN MAYEN NOR NAVY, NO","  23.9","24","  15.6","24","1010.8","24","009.6","24"," 24.9"," 6"," 13.9","24"," 29.1","999.9","  30.4","*","  17.1"," "," 0.00","E","999.9","000000"
"01001099999","2017-02-25","70.9333333","-8.6666667","9.0","JAN MAYEN NOR NAVY, NO","  32.9","24","  25.9","24"," 992.9","24","991.7","24"," 11.6"," 6"," 32.8","24"," 36.9"," 46.0","  36.0","*","  27.7"," "," 0.00","E","999.9","000000"
"01001099999","2017-02-26","70.9333333","-8.6666667","9.0","JAN MAYEN NOR NAVY, NO","  34.4","24","  31.5","24"," 996.1","24","994.9","24","  5.3"," 6"," 24.4","24"," 31.1"," 38.1","  36.0"," ","  32.9"," "," 0.02","G","999.9","011000"
"01001099999","2017-02-27","70.9333333","-8.6666667","9.0","JAN MAYEN NOR NAVY, NO","  31.7","24","  24.5","24","1006.2","24","005.0","24"," 15.5"," 6"," 16.3","24"," 25.3"," 28.7","  33.3"," ","  29.7"," "," 0.03","G","999.9","000000"
"01001099999","2017-02-28","70.9333333","-8.6666667","9.0","JAN MAYEN NOR NAVY, NO","  30.3","24","  25.8","24","1004.9","24","003.7","24"," 22.3"," 6","  7.6","23"," 21.6"," 28.6","  31.6"," ","  29.1","*"," 0.00","G","999.9","000000"
"01001099999","2017-03-01","70.9333333","-8.6666667","9.0","JAN MAYEN NOR NAVY, NO","  28.5","24","  21.7","24","1005.4","24","004.1","24"," 33.7"," 6","  3.9","24","  9.7"," 13.2","  31.1"," ","  24.8"," "," 0.00","G","999.9","000000"
"01001099999","2017-03-02","70.9333333","-8.6666667","9.0","JAN MAYEN NOR NAVY, NO","  29.0","24","  21.9","24","1010.5","24","009.3","24"," 30.0"," 6","  5.4","24"," 10.9"," 12.2","  30.2"," ","  25.3"," "," 0.00","G","999.9","010000"
"01001099999","2017-03-03","70.9333333","-8.6666667","9.0","JAN MAYEN NOR NAVY, NO","  26.3","24","  22.5","24","1014.2","24","013.0","24"," 11.9"," 6","  7.2","24"," 12.6"," 15.5","  28.9","*","  24.1"," "," 0.01","G","999.9","001000"
"01001099999","2017-03-04","70.9333333","-8.6666667","9.0","JAN MAYEN NOR NAVY, NO","  27.7","24","  24.6","24","1016.2","24","015.0","24"," 14.0"," 6","  2.4","22","  3.9","999.9","  32.7","*","  21.2"," "," 0.00","G","999.9","010000"
"01001099999","2017-03-05","70.9333333","-8.6666667","9.0","JAN MAYEN NOR NAVY, NO","  33.5","24","  26.0","24","1016.6","24","015.4","24"," 25.4"," 6","  7.1","24"," 15.5"," 17.5","  34.7","*","  30.0"," "," 0.00","G","999.9","001000"
"01001099999","2017-03-06","70.9333333","-8.6666667","9.0","JAN MAYEN NOR NAVY, NO","  34.9","24","  32.3","24","1009.7","24","008.5","24"," 14.0"," 6","  8.2","24"," 12.6"," 14.6","  35.6"," ","  33.3"," "," 0.00","G","999.9","010000"
"01001099999","2017-03-07","70.9333333","-8.6666667","9.0","JAN MAYEN NOR NAVY, NO","  34.9","24","  33.9"," 9","1004.7","24","003.5","24","  0.8"," 6","  7.8","24"," 14.2"," 17.3","  36.3"," ","  32.7"," "," 0.18","G","999.9","110000"
"01001099999","2017-03-08","70.9333333","-8.6666667","9.0","JAN MAYEN NOR NAVY, NO","  35.3","24","  34.7","22","1003.0","24","001.8","24","  8.9"," 6","  7.3","24"," 11.7"," 13.6","  36.3"," ","  34.0","*"," 0.00","G","999.9","010000"
"01001099999","2017-03-09","70.9333333","-8.6666667","9.0","JAN MAYEN NOR NAVY, NO","  32.7","24","  31.8","24","1008.1","24","006.9","24","  9.1"," 6","  6.7","18"," 29.1"," 38.9","  35.8"," ","  24.4","*"," 0.03","G","999.9","110000"
"01001099999","2017-03-10","70.9333333","-8.6666667","9.0","JAN MAYEN NOR NAVY, NO","  20.5","24","  14.4","24","1018.9","24","017.7","24"," 21.7"," 6","  9.8","24"," 19.4"," 27.6","  33.8"," ","  18.0"," "," 0.04","G","999.9","001000"
"01001099999","2017-03-11","70.9333333","-8.6666667","9.0","JAN MAYEN NOR NAVY, NO","  24.6","24","  18.1","24","1013.1","24","011.9","24"," 38.3"," 6","  8.6","24"," 21.4","999.9","  28.2","*","  18.0"," "," 0.00","G","999.9","000000"
"01001099999","2017-03-12","70.9333333","-8.6666667","9.0","JAN MAYEN NOR NAVY, NO","  32.1","24","  29.8","14","1003.8","24","002.6","24","  6.5"," 6"," 13.1","24"," 21.6"," 28.0","  35.8"," ","  26.2"," "," 0.00","G","999.9","111000"
"01001099999","2017-03-13","70.9333333","-8.6666667","9.0","JAN MAYEN NOR NAVY, NO","  36.7","24","  35.5","14"," 988.1","24","987.0","24","  2.8"," 6","  8.3","24"," 19.6"," 24.9","  39.2"," ","  30.9"," "," 0.04","G","999.9","110000"
"01001099999","2017-03-14","70.9333333","-8.6666667","9.0","JAN MAYEN NOR NAVY, NO","  29.4","24","  27.7","23"," 979.2","24","978.1","24","  2.5"," 6"," 15.2","24"," 26.6"," 39.0","  37.9"," ","  23.0","*"," 0.18","G","999.9","011000"
"01001099999","2017-03-15","70.9333333","-8.6666667","9.0","JAN MAYEN NOR NAVY, NO","  20.2","24","  15.2","24"," 997.6","24","996.4","24","  6.8"," 6"," 18.5","24"," 26.2"," 43.3","  24.6"," ","  16.7","*"," 0.00","G","999.9","001000"
"01001099999","2017-03-16","70.9333333","-8.6666667","9.0","JAN MAYEN NOR NAVY, NO","  15.6","24","   8.1","24","1000.9","24","999.7","24","  6.7"," 6"," 17.9","24"," 25.6"," 35.5","  18.0"," ","  13.8"," "," 0.01","G","999.9","001000"
"01001099999","2017-03-17","70.9333333","-8.6666667","9.0","JAN MAYEN NOR NAVY, NO","  13.4","24","   5.3","24","1000.9","24","999.6","24","  2.8"," 6"," 15.9","24"," 19.6"," 29.9","  16.2"," ","  10.9","*"," 0.00","G","999.9","001000"
"01001099999","2017-03-18","70.9333333","-8.6666667","9.0","JAN MAYEN NOR NAVY, NO","  11.9","24","   1.1","24","1002.0","24","000.8","24"," 16.4"," 6","  8.5","24"," 11.8"," 17.5","  13.5"," ","  10.9"," "," 0.02","G","999.9","001000"
"01001099999","2017-03-19","70.9333333","-8.6666667","9.0","JAN MAYEN NOR NAVY, NO","  16.6","24","   9.4","24"," 996.5","24","995.3","24"," 13.5"," 6","  8.1","24"," 23.7"," 30.3","  20.8","*","   9.7"," "," 0.00","G","999.9","001000"
"01001099999","2017-03-20","70.9333333","-8.6666667","9.0","JAN MAYEN NOR NAVY, NO","  16.8","24","   8.3","24"," 997.0","24","995.8","24"," 14.0"," 6"," 18.4","24"," 24.5"," 31.9","  20.8"," ","  15.4"," "," 0.00","H","999.9","001000"
"01001099999","2017-03-21","70.9333333","-8.6666667","9.0","JAN MAYEN NOR NAVY, NO","  16.4","24","   9.2","24","1000.8","24","999.6","24","  3.8"," 6"," 23.0","24"," 31.1"," 39.0","  17.6"," ","  15.1","*"," 0.00","B","999.9","001000"
"01001099999","2017-03-22","70.9333333","-8.6666667","9.0","JAN MAYEN NOR NAVY, NO","  14.3","24","   8.0","24","1006.2","24","005.0","24","  1.8"," 6"," 16.9","24"," 25.1"," 40.6","  16.7","*","  11.7"," "," 0.03","G","999.9","001000"
"01001099999","2017-03-23","70.9333333","-8.6666667","9.0","JAN MAYEN NOR NAVY, NO","  28.3","24","  23.5","24","1004.1","24","002.9","24"," 14.0"," 6"," 10.4","24"," 20.2"," 29.3","  33.8"," ","  12.2"," "," 0.00","G","999.9","001000"
"01001099999","2017-03-24","70.9333333","-8.6666667","9.0","JAN MAYEN NOR NAVY, NO","  31.0","24","  29.0","24"," 991.8","24","990.6","24","  5.2"," 6"," 11.2","24"," 23.3"," 27.6","  34.3"," ","  25.3","*"," 0.09","G","999.9","001000"
"01001099999","2017-03-25","70.9333333","-8.6666667","9.0","JAN MAYEN NOR NAVY, NO","  27.4","24","  23.0","22"," 993.5","24","992.3","24"," 11.5"," 6"," 17.2","24"," 30.9"," 42.0","  39.2"," ","  19.4","*"," 0.06","G","999.9","001000"
"01001099999","2017-03-26","70.9333333","-8.6666667","9.0","JAN MAYEN NOR NAVY, NO","  16.7","24","  11.0","24","1009.4","24","008.2","24","  4.1"," 6"," 15.1","24"," 23.9"," 43.1","  25.0"," ","  13.5"," "," 0.00","G","999.9","001000"
"01001099999","2017-03-27","70.9333333","-8.6666667","9.0","JAN MAYEN NOR NAVY, NO","  12.8","24","   5.6","24","1024.6","24","023.3","24","  3.6"," 6"," 11.9","24"," 20.6"," 31.3","  18.0"," ","  10.9"," "," 0.02","G","999.9","001000"
"01001099999","2017-03-28","70.9333333","-8.6666667","9.0","JAN MAYEN NOR NAVY, NO","  18.4","24","   8.4","24","1027.1","24","025.9","24"," 14.0"," 6","  8.8","24"," 16.1"," 22.0","  21.2"," ","  11.5"," "," 0.01","G","999.9","000000"
"01001099999","2017-03-29","70.9333333","-8.6666667","9.0","JAN MAYEN NOR NAVY, NO","  20.3","24","  12.6","24","1019.9","24","018.7","24"," 18.1"," 6","  4.5","24","  7.8"," 17.9","  24.8"," ","  13.3"," "," 0.00","G","999.9","001000"
"01001099999","2017-03-30","70.9333333","-8.6666667","9.0","JAN MAYEN NOR NAVY, NO","  24.4","24","  16.7","24","1011.9","24","010.7","24"," 21.2"," 6","  3.9","24","  7.6"," 15.5","  27.5"," ","  20.3"," "," 0.00","G","999.9","001000"
"01001099999","2017-03-31","70.9333333","-8.6666667","9.0","JAN MAYEN NOR NAVY, NO","  26.8","24","  20.8","24","1010.8","24","009.6","24"," 26.9"," 6"," 12.0","24"," 21.4"," 23.7","  29.3"," ","  21.0"," "," 0.00","G","999.9","001000"
"01001099999","2017-04-01","70.9333333","-8.6666667","9.0","JAN MAYEN NOR NAVY, NO","  25.5","24","  19.3","24","1010.6","24","009.4","24"," 23.3"," 6"," 16.4","24"," 24.1"," 33.6","  28.0","*","  21.2"," "," 0.00","G","999.9","001000"
"01001099999","2017-04-02","70.9333333","-8.6666667","9.0","JAN MAYEN NOR NAVY, NO","  32.0","24","  29.7","15","1000.1","24","998.9","24","  1.1"," 6"," 16.1","24"," 25.3"," 29.7","  34.0"," ","  25.9"," "," 0.04","G","999.9","111000"
"01001099999","2017-04-03","70.9333333","-8.6666667","9.0","JAN MAYEN NOR NAVY, NO","  30.6","24","  25.9","24"," 998.2","24","997.0","24","  8.2"," 6"," 21.6","24"," 38.9"," 48.2","  33.1"," ","  28.4"," "," 0.06","G","999.9","011000"
"01001099999","2017-04-04","70.9333333","-8.6666667","9.0","JAN MAYEN NOR NAVY, NO","  32.4","24","  25.5","24"," 990.9","24","989.7","24","  4.9"," 6"," 32.5","24"," 39.0"," 65.7","  39.4"," ","  27.1","*"," 0.01","G","999.9","101000"
"01001099999","2017-04-05","70.9333333","-8.6666667","9.0","JAN MAYEN NOR NAVY, NO","  23.4","24","  16.6","24","1015.8","24","014.6","24"," 15.7"," 6"," 15.6","24"," 33.0"," 42.5","  27.1","*","  17.8","*"," 0.02","G","999.9","001000"
"01001099999","2017-04-06","70.9333333","-8.6666667","9.0","JAN MAYEN NOR NAVY, NO","  19.1","24","  11.4","24","1017.5","24","016.3","24"," 16.9"," 6"," 13.5","24"," 19.4"," 21.6","  23.0"," ","  15.8"," "," 0.01","G","999.9","001000"
"01001099999","2017-04-07","70.9333333","-8.6666667","9.0","JAN MAYEN NOR NAVY, NO","  19.1","24","  10.4","24","1020.0","24","018.8","24"," 14.8"," 6","  8.7","24"," 15.5"," 17.1","  21.0","*","  17.4"," "," 0.00","G","999.9","001000"
"01001099999","2017-04-08","70.9333333","-8.6666667","9.0","JAN MAYEN NOR NAVY, NO","  25.3","24","  18.0","24","1010.2","24","009.0","24"," 18.1"," 6"," 17.8","24"," 28.4"," 38.5","  29.5"," ","  18.0"," "," 0.00","G","999.9","001000"
"01001099999","2017-04-09","70.9333333","-8.6666667","9.0","JAN MAYEN NOR NAVY, NO","  24.2","24","  20.6","24","1010.7","24","009.5","24","  3.8"," 6"," 22.1","24"," 27.2"," 34.8","  27.1"," ","  18.1","*"," 0.02","E","999.9","001000"
"01001099999","2017-04-10","70.9333333","-8.6666667","9.0","JAN MAYEN NOR NAVY, NO","  17.8","24","   9.2","24","1015.8","24","014.6","24"," 17.6"," 6"," 13.6","24"," 19.4"," 29.9","  20.8","*","  15.6"," "," 0.00","F","999.9","001000"
"01001099999","2017-04-11","70.9333333","-8.6666667","9.0","JAN MAYEN NOR NAVY, NO","  24.4","24","  20.0","24","1012.8","24","011.6","24","  5.5"," 6","  6.4","24"," 13.6"," 17.5","  27.3"," ","  15.4"," "," 0.01","G","999.9","001000"
"01001099999","2017-04-12","70.9333333","-8.6666667","9.0","JAN MAYEN NOR NAVY, NO","  22.0","24","  15.7","24","1013.0","24","011.8","24"," 31.5"," 6"," 13.3","24"," 27.2","999.9","  30.0","*","  18.7","*"," 0.18","G","999.9","001000"
"01001099999","2017-04-13","70.9333333","-8.6666667","9.0","JAN MAYEN NOR NAVY, NO","  29.9","24","  25.8","24","1008.0","24","006.8","24","  8.4"," 6"," 11.8","24"," 19.8"," 29.1","  32.7"," ","  22.1"," "," 0.04","G","999.9","001000"
"01001099999","2017-04-14","70.9333333","-8.6666667","9.0","JAN MAYEN NOR NAVY, NO","  29.6","24","  25.7","23","1011.8","24","010.6","24"," 15.8"," 6","  5.9","23"," 13.6","999.9","  34.2"," ","  25.7"," "," 0.07","G","999.9","001000"
"01001099999","2017-04-15","70.9333333","-8.6666667","9.0","JAN MAYEN NOR NAVY, NO","  32.8","24","  28.6","24","1020.8","24","019.6","24"," 19.4"," 6","  9.3","24"," 19.4","999.9","  36.1"," ","  26.1"," "," 0.01","G","999.9","000000"
"01001099999","2017-04-16","70.9333333","-8.6666667","9.0","JAN MAYEN NOR NAVY, NO","  30.8","24","  25.5","24","1025.7","24","024.5","24"," 30.6"," 6"," 12.1","24"," 19.4"," 21.8","  34.2"," ","  27.3","*"," 0.00","G","999.9","100000"
"01001099999","2017-04-17","70.9333333","-8.6666667","9.0","JAN MAYEN NOR NAVY, NO","  30.8","24","  24.0","24","1028.3","24","027.1","24"," 28.0"," 6","  7.6","24"," 11.7"," 20.0","  32.7"," ","  26.2"," "," 0.00","G","999.9","001000"
"01001099999","2017-04-18","70.9333333","-8.6666667","9.0","JAN MAYEN NOR NAVY, NO","  32.7","24","  29.8","21","1022.8","24","021.6","24"," 19.5"," 6"," 13.4","24"," 23.3","999.9","  35.2"," ","  29.3"," "," 0.00","G","999.9","010000"
"01001099999","2017-04-19","70.9333333","-8.6666667","9.0","JAN MAYEN NOR NAVY, NO","  29.4","24","  27.3","23","1006.7","24","005.5","24"," 17.6"," 6","  8.3","23"," 19.4"," 27.2","  34.0"," ","  27.5"," "," 0.10","G","999.9","011000"
"01001099999","2017-04-20","70.9333333","-8.6666667","9.0","JAN MAYEN NOR NAVY, NO","  30.3","24","  28.3","24"," 996.1","24","994.9","24","  5.9"," 6"," 21.5","24"," 33.0","999.9","  33.3","*","  27.0","*"," 0.05","G","999.9","101000"
"01001099999","2017-04-21","70.9333333","-8.6666667","9.0","JAN MAYEN NOR NAVY, NO","  27.9","24","  25.5","24","1014.8","24","013.6","24","  1.8"," 6"," 19.3","24"," 31.3"," 39.8","  33.3"," ","  25.7","*"," 0.16","G","999.9","001000"
"01001099999","2017-04-22","70.9333333","-8.6666667","9.0","JAN MAYEN NOR NAVY, NO","  22.4","24","  17.0","24","1021.5","24","020.3","24","  6.4"," 6"," 19.8","24"," 25.3"," 33.2","  25.2","*","  20.3","*"," 0.11","G","999.9","001000"
"01001099999","2017-04-23","70.9333333","-8.6666667","9.0","JAN MAYEN NOR NAVY, NO","  26.1","24","  21.7","24","1018.3","24","017.1","24","  9.2"," 6"," 23.1","24"," 31.1"," 42.5","  31.8"," ","  19.4"," "," 0.00","G","999.9","000000"
"01001099999","2017-04-24","70.9333333","-8.6666667","9.0","JAN MAYEN NOR NAVY, NO","  26.2","24","  20.7","24","1026.4","24","025.2","24"," 13.9"," 6"," 14.1","24"," 26.4"," 32.2","  31.8"," ","  20.7","*"," 0.10","G","999.9","101000"
"01001099999","2017-04-25","70.9333333","-8.6666667","9.0","JAN MAYEN NOR NAVY, NO","  25.8","24","  18.1","24","1019.0","24","017.8","24"," 31.7"," 6"," 10.9","24"," 17.5"," 22.5","  31.1","*","  17.1"," "," 0.00","G","999.9","001000"
"01001099999","2017-04-26","70.9333333","-8.6666667","9.0","JAN MAYEN NOR NAVY, NO","  32.3","24","  28.2","24","1013.7","24","012.5","24"," 12.3"," 6"," 12.2","24"," 18.8"," 22.9","  34.2"," ","  28.9"," "," 0.01","G","999.9","010000"
"01001099999","2017-04-27","70.9333333","-8.6666667","9.0","JAN MAYEN NOR NAVY, NO","  34.2","24","  31.0","24","1016.0","24","014.8","24"," 13.2"," 6"," 12.6","23"," 20.4"," 23.5","  36.1"," ","  31.6"," "," 0.00","G","999.9","000000"
"01001099999","2017-04-28","70.9333333","-8.6666667","9.0","JAN MAYEN NOR NAVY, NO","  35.4","24","  33.7","24","1013.1","24","011.9","24","  8.4"," 6"," 15.4","24"," 26.2"," 30.9","  35.8"," ","  34.3"," "," 0.00","G","999.9","000000"
"01001099999","2017-04-29","70.9333333","-8.6666667","9.0","JAN MAYEN NOR NAVY, NO","  37.1","24","  35.0","24","1022.7","24","021.5","24","  9.6"," 6"," 10.9","24"," 15.2"," 19.6","  39.4"," ","  35.1"," "," 0.00","G","999.9","000000"
"01001099999","2017-04-30","70.9333333","-8.6666667","9.0","JAN MAYEN NOR NAVY, NO","  37.2","24","  35.2","19","1024.7","24","023.5","24","  7.8"," 6","  7.0","23"," 13.6"," 14.2","  39.7"," ","  34.2","*"," 0.00","B","999.9","000000"
"01001099999","2017-05-01","70.9333333","-8.6666667","9.0","JAN MAYEN NOR NAVY, NO","  37.1","24","  32.4","24","1026.8","24","025.6","24"," 19.2"," 6","  2.6","23","  3.9","999.9","  40.3"," ","  32.9"," "," 0.00","E","999.9","100000"
"01001099999","2017-05-02","70.9333333","-8.6666667","9.0","JAN MAYEN NOR NAVY, NO","  35.0","24","  33.9","18","1033.5","24","032.3","24"," 12.4"," 6","  4.6","23"," 15.5"," 15.9","  39.9"," ","  29.1"," "," 0.00","A","999.9","100000"
"01001099999","2017-05-03","70.9333333","-8.6666667","9.0","JAN MAYEN NOR NAVY, NO","  37.5","24","9999.9"," 0","1030.7","24","029.5","24","  1.8"," 6","  8.2","24"," 15.5"," 19.4","  39.6"," ","  36.1","*"," 0.00","E","999.9","110000"
"01001099999","2017-05-04","70.9333333","-8.6666667","9.0","JAN MAYEN NOR NAVY, NO","  51.0","24","  45.1","20","1028.5","24","027.3","24"," 13.0"," 6"," 26.0","24"," 38.9"," 65.9","  57.7","*","  35.6"," "," 0.00","E","999.9","000000"
"01001099999","2017-05-05","70.9333333","-8.6666667","9.0","JAN MAYEN NOR NAVY, NO","  34.9","24","  33.0","23","1032.1","24","030.9","24","  9.2"," 6"," 14.3","24"," 46.6","999.9","  45.3","*","  30.4","*"," 0.00","G","999.9","110000"
"01001099999","2017-05-06","70.9333333","-8.6666667","9.0","JAN MAYEN NOR NAVY, NO","  31.9","24","  29.0","24","1035.6","24","034.4","24"," 18.6"," 6","  5.1","24"," 11.7","999.9","  34.7"," ","  29.8"," "," 0.00","G","999.9","001000"
"01001099999","2017-05-07","70.9333333","-8.6666667","9.0","JAN MAYEN NOR NAVY, NO","  31.7","24","  28.7","24","1037.4","24","036.2","24"," 12.3"," 6","  4.1","24","  7.8","999.9","  33.6"," ","  29.5"," "," 0.00","G","999.9","010000"
"01001099999","2017-05-08","70.9333333","-8.6666667","9.0","JAN MAYEN NOR NAVY, NO","  32.6","24","  28.5","24","1034.7","24","033.5","24"," 12.6"," 6"," 10.6","24"," 17.5"," 19.0","  34.7"," ","  30.6"," "," 0.01","G","999.9","001000"
"01001099999","2017-05-09","70.9333333","-8.6666667","9.0","JAN MAYEN NOR NAVY, NO","  33.6","24","  28.5","24","1026.2","24","025.0","24"," 13.0"," 6"," 14.2","24"," 19.4"," 22.9","  35.4"," ","  32.2"," "," 0.00","G","999.9","001000"
"01001099999","2017-05-10","70.9333333","-8.6666667","9.0","JAN MAYEN NOR NAVY, NO","  29.2","24","  23.3","24","1028.2","24","027.0","24"," 16.7"," 6"," 19.7","24"," 29.1"," 34.4","  33.6"," ","  26.6","*"," 0.00","G","999.9","001000"
"01001099999","2017-05-11","70.9333333","-8.6666667","9.0","JAN MAYEN NOR NAVY, NO","  31.0","24","  21.6","24","1021.1","24","019.9","24"," 24.0"," 6"," 12.9","24"," 23.3"," 32.1","  33.4"," ","  27.3"," "," 0.02","G","999.9","000000"
"01001099999","2017-05-12","70.9333333","-8.6666667","9.0","JAN MAYEN NOR NAVY, NO","  31.3","24","  24.6","24","1021.2","24","020.0","24"," 19.1"," 6"," 12.4","24"," 17.5"," 22.7","  35.4"," ","  29.5"," "," 0.00","G","999.9","001000"
"01001099999","2017-05-13","70.9333333","-8.6666667","9.0","JAN MAYEN NOR NAVY, NO","  32.2","24","  30.0","23","1023.9","24","022.7","24"," 18.1"," 6","  8.4","24"," 17.5"," 20.8","  36.0"," ","  29.8","*"," 0.00","G","999.9","101000"
"01001099999","2017-05-14","70.9333333","-8.6666667","9.0","JAN MAYEN NOR NAVY, NO","  37.3","24","  32.8","24","1026.0","24","024.8","24"," 30.0"," 6","  9.0","24"," 13.6"," 14.0","  39.7"," ","  29.5"," "," 0.00","G","999.9","000000"
"01001099999","2017-05-15","70.9333333","-8.6666667","9.0","JAN MAYEN NOR NAVY, NO","  38.6","24","  35.1","20","1020.4","24","019.2","24"," 13.7"," 6","  9.2","24"," 11.8"," 16.9","  40.6"," ","  37.0","*"," 0.00","E","999.9","010000"
"01001099999","2017-05-16","70.9333333","-8.6666667","9.0","JAN MAYEN NOR NAVY, NO","  39.4","22","9999.9"," 0","1011.9","22","010.7","22","  4.1"," 6","  6.1","22"," 23.3","999.9","  42.6","*","  36.5","*"," 0.02","G","999.9","110000"
"01001099999","2017-05-17","70.9333333","-8.6666667","9.0","JAN MAYEN NOR NAVY, NO","  42.1","24","  37.4","22","1003.9","24","002.7","24"," 12.4"," 6"," 19.0","24"," 31.1"," 38.7","  46.4"," ","  35.6","*"," 0.25","G","999.9","010000"
"01001099999","2017-05-18","70.9333333","-8.6666667","9.0","JAN MAYEN NOR NAVY, NO","  37.5","24","  33.1","24","1015.2","24","014.0","24"," 16.6"," 6"," 12.9","24"," 28.0"," 38.7","  41.2"," ","  34.5"," "," 0.01","G","999.9","000000"
"01001099999","2017-05-19","70.9333333","-8.6666667","9.0","JAN MAYEN NOR NAVY, NO","  37.4","24","  34.4","24","1019.0","24","017.8","24"," 11.2"," 6","  9.5","24"," 17.5","999.9","  40.1"," ","  36.0","*"," 0.00","G","999.9","010000"
"01001099999","2017-05-20","70.9333333","-8.6666667","9.0","JAN MAYEN NOR NAVY, NO","  38.1","24","  34.6","24","1016.2","24","015.0","24","  8.2"," 6","  9.2","24"," 19.4"," 27.8","  42.4"," ","  35.4"," "," 0.00","C","999.9","010000"
"01001099999","2017-05-21","70.9333333","-8.6666667","9.0","JAN MAYEN NOR NAVY, NO","  33.7","24","9999.9"," 0","1015.4","24","014.2","24","  5.9"," 6","  4.2","24","  7.8","999.9","  36.0"," ","  31.8","*"," 0.00","G","999.9","010000"
"01001099999","2017-05-22","70.9333333","-8.6666667","9.0","JAN MAYEN NOR NAVY, NO","  34.6","24","  30.8","22","1019.5","24","018.3","24"," 21.4"," 6"," 10.6","24"," 15.5","999.9","  37.4"," ","  30.9"," "," 0.00","E","999.9","010000"
"01001099999","2017-05-23","70.9333333","-8.6666667","9.0","JAN MAYEN NOR NAVY, NO","  37.9","23","  36.7","23","1014.9","23","013.7","23","999.9"," 0","  6.0","23"," 11.7"," 14.8","  40.5"," ","  35.4"," "," 0.00","A","999.9","000000"
"01001099999","2017-05-24","70.9333333","-8.6666667","9.0","JAN MAYEN NOR NAVY, NO","  34.2","24","  29.8","24","1013.8","24","012.6","24"," 11.6"," 6"," 14.3","24"," 27.2"," 32.2","  38.7"," ","  32.0","*"," 0.01","G","999.9","010000"
"01001099999","2017-05-25","70.9333333","-8.6666667","9.0","JAN MAYEN NOR NAVY, NO","  33.2","24","  24.7","24","1021.5","24","020.3","24"," 22.8"," 6"," 10.8","24"," 15.5"," 18.5","  35.4"," ","  31.6"," "," 0.00","G","999.9","000000"
"01001099999","2017-05-26","70.9333333","-8.6666667","9.0","JAN MAYEN NOR NAVY, NO","  34.4","24","  26.1","24","1023.5","24","022.2","24"," 23.8"," 6"," 12.9","24"," 19.4"," 22.7","  37.2"," ","  32.5"," "," 0.00","G","999.9","000000"
"01001099999","2017-05-27","70.9333333","-8.6666667","9.0","JAN MAYEN NOR NAVY, NO","  37.0","24","  29.8","24","1020.3","24","019.1","24"," 17.6"," 6"," 18.7","24"," 23.5"," 28.7","  40.3"," ","  34.0"," "," 0.00","G","999.9","000000"
"01001099999","2017-05-28","70.9333333","-8.6666667","9.0","JAN MAYEN NOR NAVY, NO","  36.2","24","  27.5","24","1022.3","24","021.1","24"," 19.7"," 6"," 14.8","24"," 21.4"," 27.4","  39.4"," ","  33.8","*"," 0.00","G","999.9","000000"
"01001099999","2017-05-29","70.9333333","-8.6666667","9.0","JAN MAYEN NOR NAVY, NO","  34.2","24","  26.7","24","1024.1","24","022.9","24"," 17.1"," 6","  6.3","24"," 11.7"," 14.8","  36.3"," ","  31.6","*"," 0.00","G","999.9","000000"
"01001099999","2017-05-30","70.9333333","-8.6666667","9.0","JAN MAYEN NOR NAVY, NO","  29.0","24","  23.1","24","1022.0","24","020.8","24"," 23.8"," 6"," 13.4","24"," 17.5"," 23.3","  34.2"," ","  27.9","*"," 0.00","G","999.9","001000"
"01001099999","2017-05-31","70.9333333","-8.6666667","9.0","JAN MAYEN NOR NAVY, NO","  32.5","24","  28.3","24","1021.8","24","020.6","24"," 17.0"," 6"," 11.9","24"," 19.4"," 21.4","  35.4","*","  28.2"," "," 0.00","G","999.9","001000"
"01001099999","2017-06-01","70.9333333","-8.6666667","9.0","JAN MAYEN NOR NAVY, NO","  34.3","24","  30.2","24","1026.3","24","025.1","24"," 13.8"," 6","  5.5","24","  9.7"," 15.0","  37.0","*","  32.4"," "," 0.02","G","999.9","011000"
"01001099999","2017-06-02","70.9333333","-8.6666667","9.0","JAN MAYEN NOR NAVY, NO","  40.8","24","  35.3","24","1026.2","24","025.0","24"," 23.8"," 6"," 10.0","24"," 13.6"," 15.7","  44.2"," ","  34.3"," "," 0.00","G","999.9","000000"
"01001099999","2017-06-03","70.9333333","-8.6666667","9.0","JAN MAYEN NOR NAVY, NO","  40.6","24","  36.0","24","1022.9","24","021.7","24"," 24.9"," 6","  9.9","24"," 13.6"," 14.2","  43.3"," ","  39.0"," "," 0.00","G","999.9","000000"
"01001099999","2017-06-04","70.9333333","-8.6666667","9.0","JAN MAYEN NOR NAVY, NO","  40.4","24","  35.5","24","1021.7","24","020.5","24"," 17.4"," 6"," 10.6","24"," 14.2"," 17.1","  42.4"," ","  39.0"," "," 0.00","G","999.9","000000"
"01001099999","2017-06-05","70.9333333","-8.6666667","9.0","JAN MAYEN NOR NAVY, NO","  35.4","24","  30.8","24","1016.3","24","015.1","24"," 14.9"," 6"," 18.1","24"," 33.0","999.9","  38.8"," ","  33.4","*"," 0.00","G","999.9","011000"
"01001099999","2017-06-06","70.9333333","-8.6666667","9.0","JAN MAYEN NOR NAVY, NO","  35.6","24","  34.4","24","1000.7","24","999.5","24","  6.2"," 6"," 23.3","24"," 33.0"," 39.0","  39.9","*","  33.1"," "," 0.04","G","999.9","011000"
"01001099999","2017-06-07","70.9333333","-8.6666667","9.0","JAN MAYEN NOR NAVY, NO","  40.1","24","  37.6","24","1007.3","24","006.1","24"," 20.0"," 6"," 10.7","24"," 16.5"," 20.8","  42.1","*","  37.0"," "," 0.13","G","999.9","010000"
"01001099999","2017-06-08","70.9333333","-8.6666667","9.0","JAN MAYEN NOR NAVY, NO","  45.2","24","  42.3","24","1005.8","24","004.6","24"," 11.0"," 6","  9.6","24"," 19.4","999.9","  46.9"," ","  41.0"," "," 0.04","G","999.9","010000"
"01001099999","2017-06-09","70.9333333","-8.6666667","9.0","JAN MAYEN NOR NAVY, NO","  44.6","24","  43.5","24","1009.7","24","008.6","24","  5.3"," 6","  7.7","24"," 12.8"," 17.7","  49.1"," ","  43.0","*"," 0.01","G","999.9","010000"
"01001099999","2017-06-10","70.9333333","-8.6666667","9.0","JAN MAYEN NOR NAVY, NO","  40.4","24","  39.4","24","1014.3","24","013.1","24","  5.8"," 6","  7.1","24"," 11.8"," 15.5","  43.2","*","  39.2"," "," 0.00","G","999.9","010000"
"01001099999","2017-06-11","70.9333333","-8.6666667","9.0","JAN MAYEN NOR NAVY, NO","  42.3","24","  40.3","24","1011.1","24","009.9","24"," 18.1"," 6","  5.1","24"," 11.7"," 15.5","  44.6"," ","  39.2"," "," 0.00","G","999.9","110000"
"01001099999","2017-06-12","70.9333333","-8.6666667","9.0","JAN MAYEN NOR NAVY, NO","  41.1","24","  39.2","24","1007.8","24","006.6","24","  8.5"," 6"," 11.9","24"," 21.6"," 31.3","  43.3","*","  39.2","*"," 0.00","G","999.9","110000"
"01001099999","2017-06-13","70.9333333","-8.6666667","9.0","JAN MAYEN NOR NAVY, NO","  45.3","24","  42.4","24","1007.6","24","006.5","24","  6.8"," 6","  3.8","24"," 17.5","999.9","  48.4"," ","  39.6"," "," 0.00","G","999.9","110000"
"01001099999","2017-06-14","70.9333333","-8.6666667","9.0","JAN MAYEN NOR NAVY, NO","  39.3","24","  38.1","24","1006.7","24","005.5","24","  8.5"," 6","  9.3","24"," 15.5"," 23.3","  42.8","*","  36.0","*"," 0.00","G","999.9","010000"
"01001099999","2017-06-15","70.9333333","-8.6666667","9.0","JAN MAYEN NOR NAVY, NO","  36.4","24","  33.0","24","1009.8","24","008.6","24"," 25.4"," 6","  5.6","24","  9.7"," 14.8","  38.8"," ","  34.2","*"," 0.00","G","999.9","000000"
"01001099999","2017-06-16","70.9333333","-8.6666667","9.0","JAN MAYEN NOR NAVY, NO","  38.3","24","  33.7","24","1012.2","24","011.0","24"," 24.6"," 6","  5.1","24","  9.7"," 13.2","  41.9","*","  34.0"," "," 0.00","G","999.9","010000"
"01001099999","2017-06-17","70.9333333","-8.6666667","9.0","JAN MAYEN NOR NAVY, NO","  42.9","24","  40.5","24","1004.3","24","003.2","24"," 13.3"," 6"," 14.1","24"," 19.4"," 22.3","  44.6","*","  41.2"," "," 0.00","G","999.9","010000"
"01001099999","2017-06-18","70.9333333","-8.6666667","9.0","JAN MAYEN NOR NAVY, NO","  44.4","24","  43.1","23"," 995.0","24","993.9","24"," 10.7"," 6","  6.3","24"," 19.4"," 21.2","  47.3"," ","  41.9","*"," 0.14","G","999.9","010000"
"01001099999","2017-06-19","70.9333333","-8.6666667","9.0","JAN MAYEN NOR NAVY, NO","  40.1","24","  39.0","24","1001.6","24","000.4","24","  6.5"," 6"," 21.5","24"," 26.6"," 34.0","  48.2"," ","  37.6"," "," 0.02","G","999.9","110000"
"01001099999","2017-06-20","70.9333333","-8.6666667","9.0","JAN MAYEN NOR NAVY, NO","  36.5","24","  34.3","23","1010.8","24","009.6","24"," 11.1"," 6"," 16.2","24"," 29.1"," 33.8","  40.6"," ","  33.1","*"," 0.09","G","999.9","010000"
"01001099999","2017-06-21","70.9333333","-8.6666667","9.0","JAN MAYEN NOR NAVY, NO","  40.3","24","  35.1","24","1016.0","24","014.8","24"," 25.9"," 6","  6.4","24"," 10.1"," 11.7","  43.2"," ","  36.1"," "," 0.00","G","999.9","000000"
"01001099999","2017-06-22","70.9333333","-8.6666667","9.0","JAN MAYEN NOR NAVY, NO","  44.0","24","  39.1","24","1012.0","24","010.8","24"," 20.7"," 6"," 11.0","24"," 13.6"," 15.3","  46.4"," ","  41.5"," "," 0.00","G","999.9","010000"
"01001099999","2017-06-23","70.9333333","-8.6666667","9.0","JAN MAYEN NOR NAVY, NO","  45.2","24","  40.7","24","1010.3","24","009.1","24"," 20.7"," 6"," 12.5","24"," 15.5"," 19.6","  47.1"," ","  43.9"," "," 0.00","E","999.9","010000"
"01001099999","2017-06-24","70.9333333","-8.6666667","9.0","JAN MAYEN NOR NAVY, NO","  42.2","24","  35.2","24","1011.3","24","010.1","24"," 22.8"," 6"," 11.7","24"," 21.4"," 23.1","  45.9"," ","  36.7","*"," 0.00","G","999.9","000000"
"01001099999","2017-06-25","70.9333333","-8.6666667","9.0","JAN MAYEN NOR NAVY, NO","  38.0","24","  34.5","24","1013.9","24","012.8","24"," 11.6"," 6","  9.5","24"," 15.5"," 20.6","  41.9"," ","  35.6"," "," 0.00","E","999.9","110000"
"01001099999","2017-06-26","70.9333333","-8.6666667","9.0","JAN MAYEN NOR NAVY, NO","  40.1","24","  35.2","24","1007.6","24","006.4","24"," 11.5"," 6","  5.3","24"," 11.5"," 14.8","  45.1"," ","  34.9"," "," 0.00","G","999.9","000000"
"01001099999","2017-06-27","70.9333333","-8.6666667","9.0","JAN MAYEN NOR NAVY, NO","  39.4","24","  35.0","24","1003.2","24","002.0","24"," 24.3"," 6","  7.6","24"," 13.6"," 20.0","  43.3"," ","  36.5"," "," 0.00","A","999.9","010000"
"01001099999","2017-06-28","70.9333333","-8.6666667","9.0","JAN MAYEN NOR NAVY, NO","  41.4","24","  37.5","24","1007.3","24","006.1","24"," 21.9"," 6","  7.5","24"," 18.3"," 28.0","  45.7"," ","  36.9"," "," 0.00","G","999.9","000000"
"01001099999","2017-06-29","70.9333333","-8.6666667","9.0","JAN MAYEN NOR NAVY, NO","  40.3","24","  37.6","23","1009.2","24","008.0","24","  9.8"," 6","  9.7","24"," 33.0"," 44.3","  47.1"," ","  36.7"," "," 0.01","G","999.9","100000"
"01001099999","2017-06-30","70.9333333","-8.6666667","9.0","JAN MAYEN NOR NAVY, NO","  42.4","20","  42.2","19","1014.0","20","012.8","20","  1.6"," 5","  4.2","20","  6.0"," 11.3","  43.0","*","  41.4","*"," 0.03","G","999.9","010000"
"01001099999","2017-07-01","70.9333333","-8.6666667","9.0","JAN MAYEN NOR NAVY, NO","  44.0","23","  41.1","23","1010.5","23","009.4","23"," 33.6"," 5","  3.7","23"," 13.6","999.9","  47.3"," ","  41.4","*"," 0.00","G","999.9","000010"
"01001099999","2017-07-02","70.9333333","-8.6666667","9.0","JAN MAYEN NOR NAVY, NO","  40.1","24","  38.2","24","1007.0","24","005.8","24","  9.5"," 6"," 12.6","24"," 25.3"," 26.8","  42.1","*","  38.1","*"," 0.00","G","999.9","010000"
"01001099999","2017-07-03","70.9333333","-8.6666667","9.0","JAN MAYEN NOR NAVY, NO","  40.4","23","  37.3","22","1010.0","23","008.8","23","  9.4"," 5"," 12.5","23"," 16.9"," 25.1","  43.9"," ","  37.9"," "," 0.04","G","999.9","010000"
"01001099999","2017-07-04","70.9333333","-8.6666667","9.0","JAN MAYEN NOR NAVY, NO","  40.7","24","  35.2","24","1014.0","24","012.8","24"," 16.6"," 6","  6.8","24"," 11.7"," 11.8","  43.7"," ","  38.5"," "," 0.04","G","999.9","010000"
"01001099999","2017-07-05","70.9333333","-8.6666667","9.0","JAN MAYEN NOR NAVY, NO","  39.8","24","  36.4","24","1012.6","24","011.4","24"," 26.9"," 6"," 10.9","24"," 17.9"," 25.6","  42.3"," ","  38.1"," "," 0.08","G","999.9","010000"
"01001099999","2017-07-06","70.9333333","-8.6666667","9.0","JAN MAYEN NOR NAVY, NO","  40.0","24","  34.3","24","1014.1","24","012.9","24"," 26.9"," 6","  4.5","24","  7.8"," 13.8","  42.6","*","  37.9"," "," 0.02","G","999.9","000000"
"01001099999","2017-07-07","70.9333333","-8.6666667","9.0","JAN MAYEN NOR NAVY, NO","  45.9","24","  40.2","24","1010.9","24","009.8","24"," 31.1"," 6","  7.0","24"," 15.5","999.9","  48.4"," ","  40.8"," "," 0.00","G","999.9","000000"
"01001099999","2017-07-08","70.9333333","-8.6666667","9.0","JAN MAYEN NOR NAVY, NO","  47.2","24","  45.7","24","1007.3","24","006.2","24","  8.9"," 6"," 10.2","24"," 19.4","999.9","  50.2"," ","  45.5","*"," 0.00","G","999.9","010000"
"01001099999","2017-07-09","70.9333333","-8.6666667","9.0","JAN MAYEN NOR NAVY, NO","  45.8","23","  42.9","23","1008.6","23","007.5","23"," 17.0"," 5","  4.2","23","  5.8","999.9","  48.2"," ","  44.1"," "," 0.00","G","999.9","010000"
"01001099999","2017-07-10","70.9333333","-8.6666667","9.0","JAN MAYEN NOR NAVY, NO","  45.9","24","  40.9","24","1008.7","24","007.5","24"," 17.4"," 5","  8.3","23"," 19.4","999.9","  48.6"," ","  42.1","*"," 0.00","G","999.9","010000"
"01001099999","2017-07-11","70.9333333","-8.6666667","9.0","JAN MAYEN NOR NAVY, NO","  41.5","24","  37.3","23","1007.3","24","006.1","24"," 16.6"," 6","  7.6","24"," 19.4","999.9","  44.4"," ","  39.7"," "," 0.00","E","999.9","000000"
"01001099999","2017-07-12","70.9333333","-8.6666667","9.0","JAN MAYEN NOR NAVY, NO","  43.5","24","  38.6","24","1007.8","24","006.6","24"," 21.7"," 6","  6.0","24"," 11.7"," 16.3","  46.9"," ","  39.9"," "," 0.00","G","999.9","000000"
"01001099999","2017-07-13","70.9333333","-8.6666667","9.0","JAN MAYEN NOR NAVY, NO","  44.9","23","  42.6","22","1008.9","23","007.7","23"," 30.1"," 5","  8.4","23"," 13.6"," 15.0","  46.0"," ","  43.5"," "," 0.00","G","999.9","010000"
"01001099999","2017-07-14","70.9333333","-8.6666667","9.0","JAN MAYEN NOR NAVY, NO","  45.7","22","  45.6","22","1006.9","22","005.8","22","  0.3"," 4","  6.9","22"," 12.8"," 15.0","  46.4","*","  45.0","*"," 0.46","E","999.9","010000"
"01001099999","2017-07-15","70.9333333","-8.6666667","9.0","JAN MAYEN NOR NAVY, NO","  45.9","23","  45.9","21","1001.6","23","000.5","23","  2.0"," 5"," 12.3","23"," 21.4"," 23.7","  46.8"," ","  45.0","*"," 0.00","E","999.9","110000"
"01001099999","2017-07-16","70.9333333","-8.6666667","9.0","JAN MAYEN NOR NAVY, NO","  45.8","24","  43.8","24"," 991.7","24","990.6","24"," 10.8"," 6"," 19.8","24"," 28.4"," 36.7","  50.4"," ","  43.2","*"," 0.00","G","999.9","000000"
"01001099999","2017-07-17","70.9333333","-8.6666667","9.0","JAN MAYEN NOR NAVY, NO","  44.0","19","  42.6","18"," 996.5","19","995.4","19","  4.5"," 6"," 13.2","19"," 23.9"," 30.9","  46.9"," ","  42.8"," "," 0.00","E","999.9","110000"
"01001099999","2017-07-18","70.9333333","-8.6666667","9.0","JAN MAYEN NOR NAVY, NO","  45.0","17","  42.4","17","1012.1","17","010.9","17"," 25.5"," 6","  4.6","17","  6.8"," 10.3","  47.8"," ","  41.9"," "," 0.00","G","999.9","000000"
"01001099999","2017-07-19","70.9333333","-8.6666667","9.0","JAN MAYEN NOR NAVY, NO","  46.6","16","  45.3","16","1014.8","16","013.6","16"," 13.3"," 6","  9.7","16"," 13.6"," 16.5","  48.7"," ","  45.3"," "," 0.00","G","999.9","000000"
"01001099999","2017-07-20","70.9333333","-8.6666667","9.0","JAN MAYEN NOR NAVY, NO","  46.6","24","  44.4","23","1014.1","24","012.9","24","  8.6"," 6"," 13.8","24"," 21.4"," 23.3","  49.3"," ","  45.1","*"," 0.00","G","999.9","000000"
"01001099999","2017-07-21","70.9333333","-8.6666667","9.0","JAN MAYEN NOR NAVY, NO","  44.8","24","  44.7","23","1015.4","24","014.2","24","  3.6"," 6"," 12.6","24"," 15.5"," 15.9","  45.9"," ","  43.9"," "," 0.02","G","999.9","010000"
"01001099999","2017-07-22","70.9333333","-8.6666667","9.0","JAN MAYEN NOR NAVY, NO","  45.6","23","  45.6","21","1017.6","23","016.4","23","  1.1"," 5","  9.1","23"," 12.4"," 13.6","  47.1"," ","  43.7"," "," 0.02","G","999.9","010000"
"01001099999","2017-07-23","70.9333333","-8.6666667","9.0","JAN MAYEN NOR NAVY, NO","  45.5","22","  45.5","21","1021.4","22","020.2","22","  2.6"," 4"," 10.0","22"," 11.7"," 12.8","  46.8","*","  44.6"," "," 0.00","G","999.9","110000"
"01001099999","2017-07-24","70.9333333","-8.6666667","9.0","JAN MAYEN NOR NAVY, NO","  46.1","22","  43.8","22","1019.7","22","018.5","22"," 22.1"," 4","  5.7","22"," 13.6","999.9","  49.8"," ","  43.9"," "," 0.00","G","999.9","010000"
"01001099999","2017-07-25","70.9333333","-8.6666667","9.0","JAN MAYEN NOR NAVY, NO","  42.9","23","  42.4","20","1019.2","23","018.0","23"," 15.0"," 5","  4.6","23","  7.8"," 11.5","  44.6"," ","  41.0","*","99.99"," ","999.9","110000"
"01001099999","2017-07-26","70.9333333","-8.6666667","9.0","JAN MAYEN NOR NAVY, NO","  44.2","23","  44.2","21","1015.5","23","014.3","23","  0.4"," 5","  3.8","23","  7.8"," 10.1","  46.6"," ","  41.9","*"," 0.00","G","999.9","110000"
"01001099999","2017-07-27","70.9333333","-8.6666667","9.0","JAN MAYEN NOR NAVY, NO","  48.9","24","  41.8","24","1009.3","24","008.2","24"," 24.3"," 6","  9.3","24"," 28.0"," 34.8","  55.9"," ","  42.3","*"," 0.00","G","999.9","000000"
"01001099999","2017-07-28","70.9333333","-8.6666667","9.0","JAN MAYEN NOR NAVY, NO","  43.9","24","  41.4","24","1010.6","24","009.4","24","  9.0"," 6","  3.8","24","  5.8"," 11.5","  47.5"," ","  40.3"," "," 0.00","G","999.9","110000"
"01001099999","2017-07-29","70.9333333","-8.6666667","9.0","JAN MAYEN NOR NAVY, NO","  46.4","24","  41.5","24","1012.7","24","011.5","24"," 28.8"," 6","  7.3","24"," 17.1"," 24.3","  50.4"," ","  43.7"," "," 0.00","G","999.9","010000"
"01001099999","2017-07-30","70.9333333","-8.6666667","9.0","JAN MAYEN NOR NAVY, NO","  46.0","24","  39.8","24","1016.6","24","015.4","24"," 20.7"," 6","  7.0","24"," 11.7"," 17.3","  48.9"," ","  43.2"," "," 0.00","G","999.9","110000"
"01001099999","2017-07-31","70.9333333","-8.6666667","9.0","JAN MAYEN NOR NAVY, NO","  43.7","24","  38.7","24","1018.7","24","017.5","24"," 18.1"," 6","  5.9","24","  9.7"," 12.6","  47.1"," ","  41.2","*"," 0.00","G","999.9","010000"
"01001099999","2017-08-01","70.9333333","-8.6666667","9.0","JAN MAYEN NOR NAVY, NO","  41.8","24","  37.8","24","1016.0","24","014.8","24"," 19.2"," 6","  5.2","24"," 10.5"," 21.8","  45.0"," ","  38.7"," "," 0.00","G","999.9","010000"
"01001099999","2017-08-02","70.9333333","-8.6666667","9.0","JAN MAYEN NOR NAVY, NO","  43.1","24","  39.0","24","1012.2","24","011.0","24"," 26.9"," 6","  4.8","24"," 10.3"," 15.9","  45.9"," ","  40.3"," "," 0.00","G","999.9","000000"
"01001099999","2017-08-03","70.9333333","-8.6666667","9.0","JAN MAYEN NOR NAVY, NO","  42.7","24","  39.6","24","1011.8","24","010.5","24"," 16.4"," 6","  3.0","24","  5.8"," 15.5","  44.1"," ","  41.4","*"," 0.00","G","999.9","110000"
"01001099999","2017-08-04","70.9333333","-8.6666667","9.0","JAN MAYEN NOR NAVY, NO","  42.8","24","  39.8","24","1009.9","24","008.7","24"," 10.1"," 6","  4.2","24","  7.2","999.9","  45.0"," ","  41.2","*"," 0.00","G","999.9","110000"
"01001099999","2017-08-05","70.9333333","-8.6666667","9.0","JAN MAYEN NOR NAVY, NO","  44.3","24","  40.7","24","1012.0","24","010.8","24"," 18.1"," 6","  6.9","24"," 13.2"," 15.9","  48.0"," ","  39.7"," "," 0.00","G","999.9","010000"
"01001099999","2017-08-06","70.9333333","-8.6666667","9.0","JAN MAYEN NOR NAVY, NO","  45.0","24","  40.0","24","1015.1","24","013.9","24"," 31.1"," 6","  6.9","24"," 11.7"," 12.8","  46.9"," ","  41.9","*"," 0.00","G","999.9","010000"
"01001099999","2017-08-07","70.9333333","-8.6666667","9.0","JAN MAYEN NOR NAVY, NO","  42.3","24","  37.4","24","1017.0","24","015.8","24"," 30.0"," 6","  4.2","24","  7.8"," 11.7","  44.8"," ","  41.0"," "," 0.00","G","999.9","000000"
"01001099999","2017-08-08","70.9333333","-8.6666667","9.0","JAN MAYEN NOR NAVY, NO","  44.4","21","  41.0","21","1019.3","21","018.1","21"," 17.0"," 6","  4.5","20","  6.4","999.9","  46.0"," ","  40.6"," "," 0.00","G","999.9","010000"
"01001099999","2017-08-09","70.9333333","-8.6666667","9.0","JAN MAYEN NOR NAVY, NO","  46.0","24","  44.6","22","1017.4","24","016.1","24","  7.4"," 6","  9.6","24"," 13.4"," 16.7","  47.5"," ","  44.2"," "," 0.09","G","999.9","010000"
"01001099999","2017-08-10","70.9333333","-8.6666667","9.0","JAN MAYEN NOR NAVY, NO","  48.0","24","  44.0","24","1010.1","24","008.9","24"," 30.0"," 6","  6.2","24"," 11.7"," 14.6","  51.4"," ","  45.7"," "," 0.06","G","999.9","000000"
"01001099999","2017-08-11","70.9333333","-8.6666667","9.0","JAN MAYEN NOR NAVY, NO","  45.8","24","  41.1","24","1004.9","24","003.8","24"," 24.0"," 6"," 15.5","24"," 24.7"," 32.4","  47.7"," ","  42.8","*"," 0.00","G","999.9","000000"
"01001099999","2017-08-12","70.9333333","-8.6666667","9.0","JAN MAYEN NOR NAVY, NO","  44.1","24","  43.2","23"," 995.7","24","994.6","24","  2.6"," 6"," 22.1","24"," 29.1"," 39.2","  45.9"," ","  41.2"," "," 0.12","G","999.9","010000"
"01001099999","2017-08-13","70.9333333","-8.6666667","9.0","JAN MAYEN NOR NAVY, NO","  42.7","24","  37.2","24"," 999.9","24","998.8","24"," 12.4"," 6"," 17.9","24"," 23.3"," 35.4","  44.4"," ","  41.0","*"," 0.52","G","999.9","010000"
"01001099999","2017-08-14","70.9333333","-8.6666667","9.0","JAN MAYEN NOR NAVY, NO","  44.3","24","  36.5","24","1007.1","24","006.0","24"," 31.6"," 6"," 11.2","24"," 18.3"," 27.8","  52.7"," ","  38.3"," "," 0.00","G","999.9","000000"
"01001099999","2017-08-15","70.9333333","-8.6666667","9.0","JAN MAYEN NOR NAVY, NO","  44.8","21","  41.4","21","1008.5","21","007.4","21"," 24.6"," 5"," 10.2","21"," 22.0"," 25.8","  47.5","*","  40.3"," "," 0.00","G","999.9","000000"
"01001099999","2017-08-16","70.9333333","-8.6666667","9.0","JAN MAYEN NOR NAVY, NO","  46.0","24","  43.3","24","1006.8","24","005.7","24"," 25.4"," 6","  7.4","24"," 11.7"," 18.1","  48.6"," ","  43.2"," "," 0.00","G","999.9","110000"
"01001099999","2017-08-17","70.9333333","-8.6666667","9.0","JAN MAYEN NOR NAVY, NO","  49.4","24","  47.9","24","1006.7","24","005.6","24"," 12.1"," 6","  6.5","24"," 15.5","999.9","  51.1","*","  47.3"," "," 0.00","G","999.9","000000"
"01001099999","2017-08-18","70.9333333","-8.6666667","9.0","JAN MAYEN NOR NAVY, NO","  48.8","24","  46.1","24","1007.1","24","006.0","24"," 15.1"," 6"," 17.3","24"," 25.3"," 36.3","  52.7"," ","  45.7"," "," 0.00","G","999.9","010000"
"01001099999","2017-08-19","70.9333333","-8.6666667","9.0","JAN MAYEN NOR NAVY, NO","  47.4","24","  44.4","24","1012.4","24","011.3","24"," 17.1"," 6"," 13.2","24"," 19.6"," 25.4","  48.9","*","  46.4","*"," 0.02","G","999.9","010000"
"01001099999","2017-08-20","70.9333333","-8.6666667","9.0","JAN MAYEN NOR NAVY, NO","  45.8","24","  42.8","24","1018.1","24","016.9","24"," 14.5"," 6","  6.3","24"," 13.6"," 18.8","  46.8"," ","  45.0","*"," 0.00","G","999.9","010000"
"01001099999","2017-08-21","70.9333333","-8.6666667","9.0","JAN MAYEN NOR NAVY, NO","  46.4","24","  45.1","24","1018.8","24","017.6","24","  6.6"," 6","  7.6","24"," 14.6"," 17.3","  47.7"," ","  45.0","*"," 0.00","G","999.9","010000"
"01001099999","2017-08-22","70.9333333","-8.6666667","9.0","JAN MAYEN NOR NAVY, NO","  44.1","24","  39.4","24","1016.3","24","015.1","24"," 18.1"," 6"," 10.8","24"," 17.5"," 20.2","  46.4"," ","  42.4"," "," 0.02","G","999.9","010000"
"01001099999","2017-08-23","70.9333333","-8.6666667","9.0","JAN MAYEN NOR NAVY, NO","  42.3","24","  38.0","24","1018.5","24","017.3","24"," 32.1"," 6","  9.9","24"," 22.3"," 27.4","  44.1"," ","  39.2"," "," 0.00","G","999.9","010000"
"01001099999","2017-08-24","70.9333333","-8.6666667","9.0","JAN MAYEN NOR NAVY, NO","  44.2","24","  39.9","24","1016.0","24","014.8","24"," 21.7"," 6"," 12.8","24"," 16.1"," 22.9","  45.1","*","  43.0"," "," 0.00","G","999.9","010000"
"01001099999","2017-08-25","70.9333333","-8.6666667","9.0","JAN MAYEN NOR NAVY, NO","  44.6","24","  40.4","24","1014.1","24","012.9","24"," 15.0"," 6","  4.5","24","  9.5"," 18.5","  46.8"," ","  41.7"," "," 0.02","G","999.9","010000"
"01001099999","2017-08-26","70.9333333","-8.6666667","9.0","JAN MAYEN NOR NAVY, NO","  46.1","24","  44.5","24","1010.4","24","009.2","24","  6.3"," 6","  3.4","23","  9.7","999.9","  47.3"," ","  44.6"," "," 0.02","G","999.9","010000"
"01001099999","2017-08-27","70.9333333","-8.6666667","9.0","JAN MAYEN NOR NAVY, NO","  47.0","23","  46.1","23","1001.5","23","000.4","23","  1.1"," 5","  7.3","23"," 11.7"," 13.6","  47.8"," ","  46.4","*"," 0.00","G","999.9","010000"
"01001099999","2017-08-28","70.9333333","-8.6666667","9.0","JAN MAYEN NOR NAVY, NO","  47.1","24","  45.8","24"," 992.0","24","990.9","24","  3.3"," 6","  5.5","24"," 11.7"," 14.6","  48.0"," ","  45.3","*"," 0.81","G","999.9","110000"
"01001099999","2017-08-29","70.9333333","-8.6666667","9.0","JAN MAYEN NOR NAVY, NO","  44.4","24","  42.6","24"," 986.4","24","985.3","24","  6.6"," 6"," 20.1","24"," 29.1"," 35.4","  46.8"," ","  42.8","*"," 0.00","G","999.9","010000"
"01001099999","2017-08-30","70.9333333","-8.6666667","9.0","JAN MAYEN NOR NAVY, NO","  39.6","24","  34.6","24"," 999.5","24","998.3","24"," 14.7"," 6"," 17.8","24"," 27.2","999.9","  42.3","*","  37.4","*"," 0.45","G","999.9","010000"
"01001099999","2017-08-31","70.9333333","-8.6666667","9.0","JAN MAYEN NOR NAVY, NO","  41.8","24","  37.4","24","1005.9","24","004.7","24"," 17.5"," 6"," 10.0","24"," 17.5"," 18.6","  46.0","*","  33.8"," "," 0.00","G","999.9","010000"
"01001099999","2017-09-01","70.9333333","-8.6666667","9.0","JAN MAYEN NOR NAVY, NO","  45.9","24","  43.5","24","1002.9","24","001.8","24","  8.6"," 6"," 12.5","24"," 19.4"," 22.5","  46.6"," ","  45.0","*"," 0.02","G","999.9","010000"
"01001099999","2017-09-02","70.9333333","-8.6666667","9.0","JAN MAYEN NOR NAVY, NO","  45.6","24","  44.5","24"," 999.2","24","998.1","24","  4.6"," 6","  8.2","24"," 15.5","999.9","  46.6","*","  44.6"," "," 0.00","G","999.9","110000"
"01001099999","2017-09-03","70.9333333","-8.6666667","9.0","JAN MAYEN NOR NAVY, NO","  45.3","24","  43.9","24"," 999.7","24","998.6","24","  5.9"," 6","  8.8","23"," 16.1"," 19.2","  47.7","*","  41.0"," "," 0.08","G","999.9","110000"
"01001099999","2017-09-04","70.9333333","-8.6666667","9.0","JAN MAYEN NOR NAVY, NO","  48.1","24","  46.8","24","1002.5","24","001.4","24","  2.4"," 6"," 13.4","24"," 18.1"," 24.1","  48.9"," ","  47.3","*"," 0.00","G","999.9","110000"
"01001099999","2017-09-05","70.9333333","-8.6666667","9.0","JAN MAYEN NOR NAVY, NO","  47.9","24","  46.7","24","1001.4","24","000.3","24","  3.4"," 6"," 13.1","24"," 19.6"," 25.8","  49.3","*","  47.3","*"," 0.27","G","999.9","110000"
"01001099999","2017-09-06","70.9333333","-8.6666667","9.0","JAN MAYEN NOR NAVY, NO","  47.0","24","  46.2","24"," 998.9","24","997.8","24","  3.1"," 6","  4.8","24","  9.7"," 10.7","  47.8"," ","  46.0","*"," 0.06","G","999.9","110000"
"01001099999","2017-09-07","70.9333333","-8.6666667","9.0","JAN MAYEN NOR NAVY, NO","  44.4","24","  41.9","24"," 996.7","24","995.5","24","  9.9"," 6","  8.0","19"," 16.5"," 23.7","  47.3"," ","  39.9","*"," 0.05","G","999.9","110000"
"01001099999","2017-09-08","70.9333333","-8.6666667","9.0","JAN MAYEN NOR NAVY, NO","  45.1","24","  40.7","24","1011.2","24","010.0","24"," 29.4"," 6","  4.1","24"," 11.7"," 13.2","  48.9"," ","  39.7"," "," 0.00","G","999.9","000000"
"01001099999","2017-09-09","70.9333333","-8.6666667","9.0","JAN MAYEN NOR NAVY, NO","  45.4","24","  42.3","24","1007.7","24","006.6","24"," 20.2"," 6"," 11.5","24"," 24.1"," 35.5","  48.6"," ","  43.2","*"," 0.00","G","999.9","010000"
"01001099999","2017-09-10","70.9333333","-8.6666667","9.0","JAN MAYEN NOR NAVY, NO","  46.0","24","  42.7","24"," 997.6","24","996.5","24"," 15.5"," 6","  9.1","24"," 22.3"," 29.3","  49.5"," ","  43.5"," "," 0.00","G","999.9","010000"
"01001099999","2017-09-11","70.9333333","-8.6666667","9.0","JAN MAYEN NOR NAVY, NO","  44.6","24","  42.1","24"," 994.9","24","993.8","24","  7.3"," 6"," 11.8","24"," 21.4"," 23.1","  47.5"," ","  42.8"," "," 0.00","G","999.9","010000"
"01001099999","2017-09-12","70.9333333","-8.6666667","9.0","JAN MAYEN NOR NAVY, NO","  42.2","24","  40.4","24"," 993.8","24","992.7","24","  1.6"," 6"," 16.6","24"," 23.9"," 30.3","  43.7"," ","  41.0"," "," 0.05","G","999.9","010000"
"01001099999","2017-09-13","70.9333333","-8.6666667","9.0","JAN MAYEN NOR NAVY, NO","  42.4","24","  40.9","24"," 998.5","24","997.4","24","  4.5"," 6"," 15.4","24"," 27.0"," 32.1","  45.1"," ","  37.6"," "," 0.06","G","999.9","110000"
"01001099999","2017-09-14","70.9333333","-8.6666667","9.0","JAN MAYEN NOR NAVY, NO","  44.6","24","  42.1","24","1009.0","24","007.9","24","  8.0"," 6"," 20.1","24"," 28.9"," 43.5","  45.9","*","  42.6","*"," 0.06","G","999.9","010000"
"01001099999","2017-09-15","70.9333333","-8.6666667","9.0","JAN MAYEN NOR NAVY, NO","  44.2","24","  41.5","24","1014.9","24","013.7","24","  9.3"," 6","  9.7","24"," 19.4"," 23.1","  45.5"," ","  42.6"," "," 0.00","G","999.9","000000"
"01001099999","2017-09-16","70.9333333","-8.6666667","9.0","JAN MAYEN NOR NAVY, NO","  45.7","24","  43.8","24","1004.7","24","003.6","24","  2.7"," 6"," 14.3","24"," 29.1"," 39.4","  50.9"," ","  42.1","*"," 0.04","G","999.9","110000"
"01001099999","2017-09-17","70.9333333","-8.6666667","9.0","JAN MAYEN NOR NAVY, NO","  45.3","24","  43.7","24","1011.3","24","010.1","24"," 13.0"," 5","  3.6","21","  6.6"," 21.8","  53.6"," ","  42.1"," "," 0.00","G","999.9","010000"
"01001099999","2017-09-18","70.9333333","-8.6666667","9.0","JAN MAYEN NOR NAVY, NO","  46.4","22","  45.8","22","1011.9","22","010.8","22","  0.4"," 6","  7.3","22","  9.7","999.9","  48.2","*","  45.1","*"," 0.00","G","999.9","110000"
"01001099999","2017-09-19","70.9333333","-8.6666667","9.0","JAN MAYEN NOR NAVY, NO","  45.3","24","  44.8","24","1015.4","24","014.2","24","  3.2"," 6","  4.5","24","  9.1"," 12.2","  46.2"," ","  44.1","*"," 0.02","G","999.9","110000"
"01001099999","2017-09-20","70.9333333","-8.6666667","9.0","JAN MAYEN NOR NAVY, NO","  46.1","24","  45.3","24","1018.6","24","017.4","24","  5.6"," 6","  6.7","23"," 16.7"," 20.4","  47.3","*","  45.5"," "," 0.02","G","999.9","010000"
"01001099999","2017-09-21","70.9333333","-8.6666667","9.0","JAN MAYEN NOR NAVY, NO","  46.4","24","  42.5","24","1017.8","24","016.6","24"," 18.1"," 6"," 15.8","24"," 17.7"," 23.5","  46.9"," ","  45.5"," "," 0.00","G","999.9","000000"
"01001099999","2017-09-22","70.9333333","-8.6666667","9.0","JAN MAYEN NOR NAVY, NO","  45.7","24","  42.9","24","1006.6","24","005.5","24"," 10.8"," 6"," 18.8","24"," 26.0"," 35.0","  47.1"," ","  44.4","*"," 0.03","G","999.9","010000"
"01001099999","2017-09-23","70.9333333","-8.6666667","9.0","JAN MAYEN NOR NAVY, NO","  46.0","24","  44.6","24","1012.9","24","011.7","24","  5.9"," 6"," 10.1","24"," 17.5"," 18.6","  46.9","*","  44.8"," "," 0.07","G","999.9","010000"
"01001099999","2017-09-24","70.9333333","-8.6666667","9.0","JAN MAYEN NOR NAVY, NO","  47.0","24","  46.2","24","1012.7","24","011.5","24","  1.8"," 6"," 13.0","24"," 19.4"," 23.3","  47.5","*","  45.7"," "," 0.66","G","999.9","110000"
"01001099999","2017-09-25","70.9333333","-8.6666667","9.0","JAN MAYEN NOR NAVY, NO","  45.2","24","  44.2","24","1019.7","24","018.5","24","  3.2"," 6"," 12.4","24"," 20.8"," 24.3","  47.1"," ","  43.3","*"," 0.03","G","999.9","010000"
"01001099999","2017-09-26","70.9333333","-8.6666667","9.0","JAN MAYEN NOR NAVY, NO","  45.3","24","  44.9","24","1022.5","23","021.3","23","  0.2"," 6","  5.3","24"," 11.7"," 12.6","  46.9","*","  43.3","*"," 0.00","G","999.9","010000"
"01001099999","2017-09-27","70.9333333","-8.6666667","9.0","JAN MAYEN NOR NAVY, NO","  47.0","24","  46.4","24","1024.8","24","023.6","24","  1.1"," 6"," 12.3","24"," 19.4"," 19.8","  47.8"," ","  45.9","*"," 0.00","H","999.9","110000"
"01001099999","2017-09-28","70.9333333","-8.6666667","9.0","JAN MAYEN NOR NAVY, NO","  47.5","24","  46.2","24","1022.1","24","020.9","24","  4.7"," 6","  8.3","24"," 17.5","999.9","  48.2"," ","  46.6"," "," 0.00","G","999.9","010000"
"01001099999","2017-09-29","70.9333333","-8.6666667","9.0","JAN MAYEN NOR NAVY, NO","  47.3","24","  45.8","24","1013.5","24","012.4","24","  3.9"," 6"," 13.5","24"," 19.4","999.9","  48.6","*","  45.9","*"," 0.01","G","999.9","010000"
"01001099999","2017-09-30","70.9333333","-8.6666667","9.0","JAN MAYEN NOR NAVY, NO","  47.1","24","  45.7","24","1007.2","24","006.1","24","  5.8"," 6"," 14.3","24"," 19.4"," 23.3","  48.7"," ","  45.9","*"," 0.01","G","999.9","010000"
"01001099999","2017-10-01","70.9333333","-8.6666667","9.0","JAN MAYEN NOR NAVY, NO","  47.0","24","  45.2","24","1004.6","24","003.5","24","  5.1"," 6"," 13.2","24"," 18.3"," 23.5","  47.8"," ","  45.7"," "," 0.14","G","999.9","000000"
"01001099999","2017-10-02","70.9333333","-8.6666667","9.0","JAN MAYEN NOR NAVY, NO","  46.4","24","  44.3","24"," 998.1","24","997.0","24","  8.3"," 6"," 11.8","23"," 21.4"," 27.0","  48.4"," ","  44.1","*"," 0.11","G","999.9","010000"
"01001099999","2017-10-03","70.9333333","-8.6666667","9.0","JAN MAYEN NOR NAVY, NO","  47.0","23","  44.4","23"," 990.9","23","989.8","23","  7.0"," 6"," 12.1","23"," 21.6"," 28.4","  48.9"," ","  44.2"," "," 0.02","G","999.9","010000"
"01001099999","2017-10-04","70.9333333","-8.6666667","9.0","JAN MAYEN NOR NAVY, NO","  43.8","24","  42.3","24"," 992.7","24","991.6","24"," 10.5"," 6"," 19.8","24"," 25.3"," 32.2","  47.8"," ","  42.1","*"," 0.20","G","999.9","010000"
"01001099999","2017-10-05","70.9333333","-8.6666667","9.0","JAN MAYEN NOR NAVY, NO","  35.1","24","  28.6","24","1007.4","24","006.2","24","  9.9"," 6"," 20.0","24"," 27.2"," 39.2","  43.2"," ","  31.1","*"," 0.22","G","999.9","010000"
"01001099999","2017-10-06","70.9333333","-8.6666667","9.0","JAN MAYEN NOR NAVY, NO","  38.2","24","  34.8","24","1010.3","24","009.1","24","  8.4"," 6"," 19.8","24"," 31.1"," 48.6","  41.9"," ","  31.1"," "," 0.00","G","999.9","010000"
"01001099999","2017-10-07","70.9333333","-8.6666667","9.0","JAN MAYEN NOR NAVY, NO","  34.4","24","  31.6","24","1013.8","24","012.6","24","  8.8"," 6"," 10.2","23"," 21.4","999.9","  37.0","*","  31.6","*"," 0.06","G","999.9","010000"
"01001099999","2017-10-08","70.9333333","-8.6666667","9.0","JAN MAYEN NOR NAVY, NO","  37.4","24","  35.8","24","1013.5","24","012.3","24","  8.9"," 6","  8.5","24"," 14.6"," 18.6","  43.2","*","  30.9"," "," 0.00","G","999.9","010000"
"01001099999","2017-10-09","70.9333333","-8.6666667","9.0","JAN MAYEN NOR NAVY, NO","  44.2","24","  43.1","24","1006.1","24","004.9","24","  5.6"," 6"," 13.7","24"," 19.6"," 27.0","  45.5","*","  40.8"," "," 0.19","G","999.9","010000"
"01001099999","2017-10-10","70.9333333","-8.6666667","9.0","JAN MAYEN NOR NAVY, NO","  44.6","24","  43.0","24","1001.0","24","999.9","24","  3.2"," 6"," 16.1","24"," 21.4"," 27.0","  45.5"," ","  43.3"," "," 0.20","G","999.9","010000"
"01001099999","2017-10-11","70.9333333","-8.6666667","9.0","JAN MAYEN NOR NAVY, NO","  44.6","24","  39.4","24"," 994.4","24","993.3","24","  8.7"," 6"," 21.1","24"," 23.9"," 35.2","  45.7","*","  43.0"," "," 0.19","G","999.9","010000"
"01001099999","2017-10-12","70.9333333","-8.6666667","9.0","JAN MAYEN NOR NAVY, NO","  45.2","24","  42.1","24"," 988.8","24","987.7","24","  9.8"," 6"," 17.5","24"," 23.5"," 33.6","  46.2"," ","  44.1","*"," 0.02","G","999.9","010000"
"01001099999","2017-10-13","70.9333333","-8.6666667","9.0","JAN MAYEN NOR NAVY, NO","  44.2","24","  42.8","24"," 980.6","24","979.5","24","  4.2"," 6"," 15.2","24"," 30.5"," 42.5","  45.3"," ","  43.3"," "," 0.07","G","999.9","010000"
"01001099999","2017-10-14","70.9333333","-8.6666667","9.0","JAN MAYEN NOR NAVY, NO","  44.3","24","  43.0","24"," 976.4","24","975.3","24","  3.8"," 6","  8.0","24"," 14.4"," 18.6","  45.5","*","  42.8","*"," 0.37","G","999.9","010000"
"01001099999","2017-10-15","70.9333333","-8.6666667","9.0","JAN MAYEN NOR NAVY, NO","  41.8","24","  39.2","24"," 987.2","24","986.1","24","  6.5"," 6"," 10.7","24"," 21.4"," 25.1","  43.9"," ","  39.2"," "," 0.00","G","999.9","010000"
"01001099999","2017-10-16","70.9333333","-8.6666667","9.0","JAN MAYEN NOR NAVY, NO","  39.7","24","  38.2","24"," 994.3","24","993.2","24","  4.4"," 6"," 10.1","24"," 13.0"," 33.0","  42.1"," ","  39.0"," "," 0.01","G","999.9","010000"
"01001099999","2017-10-17","70.9333333","-8.6666667","9.0","JAN MAYEN NOR NAVY, NO","  38.9","24","  37.7","24","1008.7","24","007.5","24","  1.2"," 6"," 16.1","24"," 21.4"," 32.4","  39.6"," ","  37.9"," "," 0.22","G","999.9","010000"
"01001099999","2017-10-18","70.9333333","-8.6666667","9.0","JAN MAYEN NOR NAVY, NO","  37.1","24","  31.9","24","1017.6","24","016.4","24"," 11.0"," 6"," 11.1","24"," 21.0"," 27.4","  39.4"," ","  34.0","*"," 0.15","G","999.9","010000"
"01001099999","2017-10-19","70.9333333","-8.6666667","9.0","JAN MAYEN NOR NAVY, NO","  39.3","24","  36.7","24","1021.0","24","019.8","24","  8.3"," 6","  8.5","24"," 15.5","999.9","  41.7"," ","  33.1"," "," 0.06","G","999.9","000000"
"01001099999","2017-10-20","70.9333333","-8.6666667","9.0","JAN MAYEN NOR NAVY, NO","  42.8","24","  38.8","24","1017.4","24","016.2","24"," 12.4"," 6"," 15.7","24"," 22.1"," 30.3","  44.2"," ","  40.3"," "," 0.00","G","999.9","000000"
"01001099999","2017-10-21","70.9333333","-8.6666667","9.0","JAN MAYEN NOR NAVY, NO","  44.6","24","  42.7","24","1011.1","24","009.9","24","  4.9"," 6"," 11.5","24"," 18.3"," 24.1","  45.5","*","  43.2"," "," 0.00","G","999.9","010000"
"01001099999","2017-10-22","70.9333333","-8.6666667","9.0","JAN MAYEN NOR NAVY, NO","  44.8","24","  44.1","24","1012.1","24","010.9","24","  1.3"," 6","  9.0","24"," 13.6"," 17.7","  46.0"," ","  43.9","*"," 0.34","G","  0.4","110000"
"01001099999","2017-10-23","70.9333333","-8.6666667","9.0","JAN MAYEN NOR NAVY, NO","  44.1","24","  43.0","24","1013.2","24","012.0","24","  4.9"," 6","  6.4","24"," 10.5"," 16.3","  45.0"," ","  43.2","*"," 0.00","G","999.9","010000"
"01001099999","2017-10-24","70.9333333","-8.6666667","9.0","JAN MAYEN NOR NAVY, NO","  42.1","24","  39.7","24","1007.6","24","006.4","24"," 14.5"," 6","  3.2","23","  8.5","  9.9","  44.4"," ","  37.4","*"," 0.02","G","999.9","010000"
"01001099999","2017-10-25","70.9333333","-8.6666667","9.0","JAN MAYEN NOR NAVY, NO","  37.9","24","  36.1","24","1004.4","24","003.2","24","  3.5"," 6","  6.0","24"," 13.6"," 18.1","  40.6"," ","  34.7","*"," 0.02","G","999.9","010000"
"01001099999","2017-10-26","70.9333333","-8.6666667","9.0","JAN MAYEN NOR NAVY, NO","  38.1","24","  31.2","24","1002.2","24","001.0","24","  9.9"," 6"," 12.1","24"," 21.4"," 29.1","  40.6"," ","  34.2"," "," 0.02","G","999.9","010000"
"01001099999","2017-10-27","70.9333333","-8.6666667","9.0","JAN MAYEN NOR NAVY, NO","  34.9","24","  28.7","24"," 997.1","24","995.9","24","  9.3"," 6"," 14.4","24"," 21.4"," 25.1","  39.6"," ","  30.4","*"," 0.00","G","999.9","011000"
"01001099999","2017-10-28","70.9333333","-8.6666667","9.0","JAN MAYEN NOR NAVY, NO","  30.9","24","  23.1","24","1007.8","24","006.6","24","  9.1"," 6"," 20.8","24"," 29.5"," 39.4","  35.1"," ","  28.4","*"," 0.02","E","999.9","011000"
"01001099999","2017-10-29","70.9333333","-8.6666667","9.0","JAN MAYEN NOR NAVY, NO","  29.1","24","  20.7","24","1020.6","24","019.4","24","  9.8"," 6"," 13.5","24"," 28.2"," 40.2","  36.7","*","  25.0"," "," 0.06","G","999.9","011000"
"01001099999","2017-10-30","70.9333333","-8.6666667","9.0","JAN MAYEN NOR NAVY, NO","  35.6","24","  30.8","24","1004.3","24","003.1","24","  8.9"," 6"," 13.5","24"," 22.5"," 32.1","  39.2","*","  28.8"," "," 0.14","G","999.9","010000"
"01001099999","2017-10-31","70.9333333","-8.6666667","9.0","JAN MAYEN NOR NAVY, NO","  35.4","24","  33.2","24"," 996.2","24","995.0","24","  7.8"," 6"," 13.6","23"," 27.2","999.9","  38.8"," ","  32.7","*"," 0.00","G","999.9","011000"
"01001099999","2017-11-01","70.9333333","-8.6666667","9.0","JAN MAYEN NOR NAVY, NO","  24.7","23","  18.0","23","1000.8","23","999.6","23","  4.9"," 5"," 22.3","23"," 36.9"," 50.7","  32.9","*","  18.5","*"," 0.19","G","999.9","001000"
"01001099999","2017-11-02","70.9333333","-8.6666667","9.0","JAN MAYEN NOR NAVY, NO","  31.9","24","  28.7","24"," 991.9","23","990.7","23","  7.9"," 6"," 12.3","24"," 21.4"," 24.7","  36.3","*","  18.3"," "," 0.01","G","999.9","011000"
"01001099999","2017-11-03","70.9333333","-8.6666667","9.0","JAN MAYEN NOR NAVY, NO","  30.8","24","  25.9","24"," 985.2","24","984.1","24","  7.9"," 6"," 25.4","24"," 33.0"," 47.8","  36.0","*","  26.2","*"," 0.24","G","999.9","001000"
"01001099999","2017-11-04","70.9333333","-8.6666667","9.0","JAN MAYEN NOR NAVY, NO","  27.2","24","  23.2","24"," 996.5","24","995.3","24","  1.8"," 6"," 23.7","23"," 29.9"," 39.4","  29.1"," ","  25.5","*"," 0.07","G","999.9","001000"
"01001099999","2017-11-05","70.9333333","-8.6666667","9.0","JAN MAYEN NOR NAVY, NO","  26.7","24","  19.9","24","1008.8","24","007.6","24","  8.0"," 6"," 23.1","24"," 31.1"," 50.9","  29.8"," ","  25.2"," "," 0.07","G","999.9","000000"
"01001099999","2017-11-06","70.9333333","-8.6666667","9.0","JAN MAYEN NOR NAVY, NO","  32.9","24","  27.7","24","1006.9","24","005.7","24"," 15.0"," 6"," 11.4","24"," 21.4"," 25.6","  37.6","*","  25.2"," "," 0.02","G","999.9","001000"
"01001099999","2017-11-07","70.9333333","-8.6666667","9.0","JAN MAYEN NOR NAVY, NO","  37.5","24","  34.4","24"," 992.8","24","991.7","24","  7.6"," 6"," 14.4","24"," 27.8"," 38.3","  39.4","*","  35.8","*"," 0.04","G","999.9","010000"
"01001099999","2017-11-08","70.9333333","-8.6666667","9.0","JAN MAYEN NOR NAVY, NO","  36.2","24","  32.9","24"," 985.2","24","984.1","24","  6.2"," 6"," 13.4","24"," 35.0"," 42.7","  39.6"," ","  33.8"," "," 0.27","G","999.9","010000"
"01001099999","2017-11-09","70.9333333","-8.6666667","9.0","JAN MAYEN NOR NAVY, NO","  34.1","24","  30.8","24"," 978.2","24","977.1","24","  5.7"," 6"," 23.5","24"," 36.5"," 59.6","  36.3"," ","  30.4"," "," 0.14","G","999.9","011000"
"01001099999","2017-11-10","70.9333333","-8.6666667","9.0","JAN MAYEN NOR NAVY, NO","  36.9","24","  32.1","24"," 987.3","24","986.1","24","  4.4"," 6"," 33.4","24"," 45.5"," 57.9","  38.7"," ","  33.6"," "," 0.85","G","999.9","010000"
"01001099999","2017-11-11","70.9333333","-8.6666667","9.0","JAN MAYEN NOR NAVY, NO","  28.9","24","  23.2","24","1007.9","24","006.7","24","  7.8"," 6"," 21.8","24"," 29.7"," 40.6","  33.6","*","  27.1","*"," 0.04","G","999.9","010000"
"01001099999","2017-11-12","70.9333333","-8.6666667","9.0","JAN MAYEN NOR NAVY, NO","  25.2","24","  16.7","24","1016.6","24","015.4","24","  6.2"," 6"," 21.5","24"," 27.6"," 44.9","  28.8"," ","  22.8"," "," 0.04","G","999.9","000000"
"01001099999","2017-11-13","70.9333333","-8.6666667","9.0","JAN MAYEN NOR NAVY, NO","  28.5","24","  23.1","24","1007.4","24","006.2","24","  8.5"," 6"," 16.9","24"," 27.2"," 32.6","  36.5","*","  22.5"," "," 0.01","G","999.9","001000"
"01001099999","2017-11-14","70.9333333","-8.6666667","9.0","JAN MAYEN NOR NAVY, NO","  35.8","24","  32.7","24"," 991.6","23","990.4","23","  5.7"," 6"," 16.6","24"," 23.3","999.9","  37.2"," ","  32.4"," "," 0.07","G","999.9","010000"
"01001099999","2017-11-15","70.9333333","-8.6666667","9.0","JAN MAYEN NOR NAVY, NO","  31.1","24","  28.1","24"," 999.7","24","998.5","24"," 12.6"," 6","  3.1","22","  5.8","999.9","  34.3","*","  28.4","*"," 0.50","G","999.9","000000"
"01001099999","2017-11-16","70.9333333","-8.6666667","9.0","JAN MAYEN NOR NAVY, NO","  32.0","24","  28.3","24","1001.5","24","000.3","24"," 12.4"," 6","  8.3","22"," 17.5"," 22.7","  34.2"," ","  28.4"," "," 0.00","G","999.9","000000"
"01001099999","2017-11-17","70.9333333","-8.6666667","9.0","JAN MAYEN NOR NAVY, NO","  34.9","24","  30.6","24","1002.3","24","001.1","24"," 10.4"," 6"," 22.4","24"," 31.1","999.9","  38.7"," ","  30.6"," "," 0.00","G","999.9","010000"
"01001099999","2017-11-18","70.9333333","-8.6666667","9.0","JAN MAYEN NOR NAVY, NO","  31.8","24","  26.3","24","1015.7","24","014.5","24"," 14.5"," 6"," 18.3","24"," 25.3"," 31.3","  34.2","*","  29.8","*"," 0.04","G","999.9","001000"
"01001099999","2017-11-19","70.9333333","-8.6666667","9.0","JAN MAYEN NOR NAVY, NO","  29.3","24","  22.7","24","1020.1","24","018.9","24"," 11.4"," 6"," 15.7","24"," 25.3"," 34.2","  31.3"," ","  27.7","*"," 0.01","G","999.9","001000"
"01001099999","2017-11-20","70.9333333","-8.6666667","9.0","JAN MAYEN NOR NAVY, NO","  30.0","24","  24.6","24","1023.3","24","022.0","24","  6.7"," 6"," 19.9","24"," 35.0"," 46.2","  34.0"," ","  27.3"," "," 0.00","G","999.9","001000"
"01001099999","2017-11-21","70.9333333","-8.6666667","9.0","JAN MAYEN NOR NAVY, NO","  31.0","24","  26.0","24","1025.1","24","023.9","24"," 10.7"," 6"," 17.8","24"," 27.2"," 31.3","  36.0","*","  27.0"," "," 0.02","G","999.9","001000"
"01001099999","2017-11-22","70.9333333","-8.6666667","9.0","JAN MAYEN NOR NAVY, NO","  31.2","24","  23.1","24","1023.1","24","021.9","24"," 15.5"," 6"," 23.5","24"," 33.0","999.9","  35.1","*","  28.4","*"," 0.00","G","999.9","001000"
"01001099999","2017-11-23","70.9333333","-8.6666667","9.0","JAN MAYEN NOR NAVY, NO","  33.1","24","  28.1","24","1005.6","24","004.4","24","  6.3"," 6"," 32.8","24"," 42.7"," 54.0","  34.5"," ","  28.6"," "," 0.00","G","999.9","001000"
"01001099999","2017-11-24","70.9333333","-8.6666667","9.0","JAN MAYEN NOR NAVY, NO","  33.1","24","  29.2","24"," 999.6","24","998.4","24","  3.7"," 6"," 42.0","24"," 46.6"," 65.3","  34.3"," ","  31.6"," "," 0.01","G","999.9","000000"
"01001099999","2017-11-25","70.9333333","-8.6666667","9.0","JAN MAYEN NOR NAVY, NO","  32.8","24","  27.1","24","1009.1","24","007.9","24","  6.9"," 6"," 27.5","24"," 41.8"," 52.3","  33.8"," ","  30.9","*"," 0.07","G","999.9","011000"
"01001099999","2017-11-26","70.9333333","-8.6666667","9.0","JAN MAYEN NOR NAVY, NO","  30.2","24","  23.4","24","1013.4","24","012.2","24"," 12.5"," 6"," 17.4","24"," 23.3"," 26.0","  31.5","*","  28.8"," "," 0.01","G","999.9","001000"
"01001099999","2017-11-27","70.9333333","-8.6666667","9.0","JAN MAYEN NOR NAVY, NO","  27.6","24","  18.1","24","1017.7","24","016.5","24"," 15.0"," 6"," 12.6","24"," 19.4"," 31.7","  28.8","*","  26.4","*"," 0.02","G","999.9","000000"
"01001099999","2017-11-28","70.9333333","-8.6666667","9.0","JAN MAYEN NOR NAVY, NO","  23.5","24","  15.5","24","1022.7","24","021.5","24","  8.3"," 6"," 18.9","24"," 23.3","999.9","  26.8","*","  21.0","*"," 0.00","G","999.9","001000"
"01001099999","2017-11-29","70.9333333","-8.6666667","9.0","JAN MAYEN NOR NAVY, NO","  22.5","24","  14.8","24","1021.6","24","020.4","24","  9.0"," 6"," 11.3","24"," 21.4","999.9","  25.0"," ","  19.0"," "," 0.02","G","999.9","001000"
"01001099999","2017-11-30","70.9333333","-8.6666667","9.0","JAN MAYEN NOR NAVY, NO","  30.9","24","  26.9","24","1006.0","24","004.8","24","  7.8"," 6"," 17.8","24"," 29.1"," 31.9","  36.7"," ","  22.1"," "," 0.02","G","999.9","011000"
"01001099999","2017-12-01","70.9333333","-8.6666667","9.0","JAN MAYEN NOR NAVY, NO","  26.3","24","  21.0","24","1003.9","24","002.7","24","  7.1"," 6"," 14.7","24"," 23.3"," 30.5","  34.2","*","  23.2","*"," 0.02","G","999.9","011000"
"01001099999","2017-12-02","70.9333333","-8.6666667","9.0","JAN MAYEN NOR NAVY, NO","  27.1","24","  22.5","24"," 997.2","24","996.0","24","  4.7"," 6"," 15.8","24"," 25.3"," 30.5","  30.6"," ","  23.0"," "," 0.02","G","999.9","001000"
"01001099999","2017-12-03","70.9333333","-8.6666667","9.0","JAN MAYEN NOR NAVY, NO","  24.1","24","  15.1","24","1010.2","24","009.0","24","  7.2"," 6"," 14.6","24"," 23.9"," 34.4","  26.6","*","  20.7","*"," 0.02","G","999.9","001000"
"01001099999","2017-12-04","70.9333333","-8.6666667","9.0","JAN MAYEN NOR NAVY, NO","  27.0","24","  19.8","24","1011.3","24","010.1","24"," 13.7"," 6"," 14.0","24"," 21.4"," 26.4","  28.2","*","  25.2"," "," 0.02","G","999.9","011000"
"01001099999","2017-12-05","70.9333333","-8.6666667","9.0","JAN MAYEN NOR NAVY, NO","  26.9","19","  22.3","19","1015.1","19","013.9","19","  6.5"," 6"," 19.5","19"," 25.3"," 31.1","  30.0"," ","  23.4"," "," 0.04","G","999.9","001000"
"01001099999","2017-12-06","70.9333333","-8.6666667","9.0","JAN MAYEN NOR NAVY, NO","  22.8","20","  14.9","20","1014.7","20","013.5","20","  7.6"," 6"," 18.3","20"," 23.3"," 27.4","  25.3","*","  21.0","*"," 0.01","G","999.9","001000"
"01001099999","2017-12-07","70.9333333","-8.6666667","9.0","JAN MAYEN NOR NAVY, NO","  23.7","24","  18.9","24","1007.5","24","006.3","24","  2.3"," 6"," 23.9","24"," 33.0"," 38.9","  29.7","*","  19.4"," "," 0.05","G","999.9","001000"
"01001099999","2017-12-08","70.9333333","-8.6666667","9.0","JAN MAYEN NOR NAVY, NO","  28.0","24","  22.7","24","1010.7","24","009.5","24","  5.7"," 6"," 25.0","24"," 31.1"," 42.5","  30.6","*","  24.4"," "," 0.07","G","999.9","011000"
"01001099999","2017-12-09","70.9333333","-8.6666667","9.0","JAN MAYEN NOR NAVY, NO","  30.9","24","  26.6","24","1007.9","24","006.7","24","  6.6"," 6"," 27.0","23"," 33.0","999.9","  33.6"," ","  25.9"," "," 0.01","G","999.9","001000"
"01001099999","2017-12-10","70.9333333","-8.6666667","9.0","JAN MAYEN NOR NAVY, NO","  32.9","24","  28.9","24","1000.7","24","999.5","24","  7.8"," 6"," 21.7","24"," 29.1"," 30.1","  33.8","*","  32.0"," "," 0.00","G","999.9","011000"
"01001099999","2017-12-11","70.9333333","-8.6666667","9.0","JAN MAYEN NOR NAVY, NO","  32.2","24","  27.5","24","1001.6","24","000.4","24","  9.3"," 6"," 15.3","24"," 21.4"," 22.5","  33.3","*","  31.1","*"," 0.01","G","999.9","001000"
"01001099999","2017-12-12","70.9333333","-8.6666667","9.0","JAN MAYEN NOR NAVY, NO","  29.1","24","  26.0","24"," 995.9","24","994.7","24"," 10.3"," 6","  5.5","24"," 12.2"," 16.9","  32.5","*","  25.2","*"," 0.01","G","999.9","010000"
"01001099999","2017-12-13","70.9333333","-8.6666667","9.0","JAN MAYEN NOR NAVY, NO","  32.3","24","  25.3","24"," 993.1","24","991.9","24"," 10.3"," 6","  7.3","24"," 15.5"," 16.5","  34.0"," ","  24.4"," "," 0.00","G","999.9","000000"
"01001099999","2017-12-14","70.9333333","-8.6666667","9.0","JAN MAYEN NOR NAVY, NO","  30.6","24","  25.8","24","1001.5","24","000.3","24","  8.8"," 6"," 17.0","24"," 27.2"," 30.9","  32.0","*","  28.2","*"," 0.00","G","999.9","001000"
"01001099999","2017-12-15","70.9333333","-8.6666667","9.0","JAN MAYEN NOR NAVY, NO","  30.7","24","  26.4","24","1007.2","24","006.0","24","  9.3"," 6"," 17.2","24"," 27.2","999.9","  32.2"," ","  28.6"," "," 0.03","G","999.9","001000"
"01001099999","2017-12-16","70.9333333","-8.6666667","9.0","JAN MAYEN NOR NAVY, NO","  28.3","24","  21.9","24","1004.0","24","002.8","24"," 11.8"," 6"," 12.8","24"," 22.5"," 29.3","  31.3","*","  26.6","*"," 0.11","G","999.9","001000"
"01001099999","2017-12-17","70.9333333","-8.6666667","9.0","JAN MAYEN NOR NAVY, NO","  25.7","24","  19.7","24"," 996.7","24","995.5","24"," 13.2"," 6","  4.0","23","  7.8"," 11.8","  27.7","*","  23.0","*"," 0.00","G","999.9","001000"
"01001099999","2017-12-18","70.9333333","-8.6666667","9.0","JAN MAYEN NOR NAVY, NO","  32.7","24","  30.0","24"," 997.0","24","995.8","24","  7.5"," 6","  7.7","23"," 13.6"," 15.9","  36.0","*","  26.1"," "," 0.00","G","999.9","010000"
"01001099999","2017-12-19","70.9333333","-8.6666667","9.0","JAN MAYEN NOR NAVY, NO","  35.1","24","  31.9","24"," 981.1","24","980.0","24","  4.8"," 6"," 16.6","24"," 27.2"," 41.8","  37.0"," ","  32.7","*"," 0.59","G","999.9","011000"
"01001099999","2017-12-20","70.9333333","-8.6666667","9.0","JAN MAYEN NOR NAVY, NO","  33.7","24","  26.8","24"," 990.4","24","989.2","24","  6.4"," 6"," 18.6","24"," 25.3"," 33.8","  35.8"," ","  29.7","*"," 0.19","G","999.9","011000"
"01001099999","2017-12-21","70.9333333","-8.6666667","9.0","JAN MAYEN NOR NAVY, NO","  25.1","24","  17.5","24","1002.6","24","001.4","24"," 10.4"," 6"," 13.3","24"," 20.2"," 30.1","  28.9","*","  23.5"," "," 0.02","G","999.9","001000"
"01001099999","2017-12-22","70.9333333","-8.6666667","9.0","JAN MAYEN NOR NAVY, NO","  23.5","24","  16.3","24","1008.1","24","006.9","24"," 12.9"," 6"," 13.5","24"," 21.4","999.9","  25.2","*","  21.9","*"," 0.00","G","999.9","001000"
"01001099999","2017-12-23","70.9333333","-8.6666667","9.0","JAN MAYEN NOR NAVY, NO","  23.7","24","  17.8","24","1002.3","24","001.1","24","  5.7"," 6"," 19.1","24"," 25.3"," 31.7","  26.4","*","  20.5","*"," 0.00","G","999.9","001000"
"01001099999","2017-12-24","70.9333333","-8.6666667","9.0","JAN MAYEN NOR NAVY, NO","  24.8","24","  20.3","24","1006.0","24","004.8","24","  5.6"," 6"," 23.9","24"," 29.1"," 41.2","  30.6","*","  22.1"," "," 0.02","G","999.9","011000"
"01001099999","2017-12-25","70.9333333","-8.6666667","9.0","JAN MAYEN NOR NAVY, NO","  28.6","24","  24.7","24","1011.1","24","009.9","24","  5.5"," 6"," 25.8","24"," 33.0"," 41.2","  31.8","*","  24.8"," "," 0.07","G","999.9","011000"
"01001099999","2017-12-26","70.9333333","-8.6666667","9.0","JAN MAYEN NOR NAVY, NO","  29.1","24","  24.9","24","1015.9","24","014.7","24","  7.4"," 6"," 28.5","24"," 36.9"," 46.0","  32.7"," ","  24.6","*"," 0.01","G","999.9","010000"
"01001099999","2017-12-27","70.9333333","-8.6666667","9.0","JAN MAYEN NOR NAVY, NO","  25.7","24","  18.0","24","1015.1","24","013.9","24","  8.8"," 6"," 22.9","24"," 31.3"," 40.6","  30.6","*","  22.6","*"," 0.00","G","999.9","001000"
"01001099999","2017-12-28","70.9333333","-8.6666667","9.0","JAN MAYEN NOR NAVY, NO","  22.6","24","  15.0","24","1008.8","24","007.6","24"," 12.8"," 6"," 10.1","24"," 13.6","999.9","  25.0","*","  19.9","*"," 0.02","G","999.9","001000"
"01001099999","2017-12-29","70.9333333","-8.6666667","9.0","JAN MAYEN NOR NAVY, NO","  20.1","24","  12.8","24","1003.9","24","002.7","24"," 14.5"," 6","  4.4","24","  7.8","999.9","  22.5","*","  17.1"," "," 0.00","G","999.9","000000"
"01001099999","2017-12-30","70.9333333","-8.6666667","9.0","JAN MAYEN NOR NAVY, NO","  28.9","24","  22.4","24"," 998.1","24","996.9","24"," 12.4"," 6"," 14.2","24"," 21.4","999.9","  32.9"," ","  20.1"," "," 0.00","G","999.9","000000"
"01001099999","2017-12-31","70.9333333","-8.6666667","9.0","JAN MAYEN NOR NAVY, NO","  29.8","24","  21.7","24"," 999.7","24","998.5","24"," 15.1"," 6"," 17.1","24"," 25.3"," 26.8","  30.9"," ","  28.4","*"," 0.00","G","999.9","001000"
